company_name,opportunity_title,function,seniority,year,outcome,notes,closed_date,company_stage_at_placement,geo,candidate_name,opportunity_owner,service_type
8x8,8x8 - VP Engineering,Engineering,VP,2017,Placement,stage_at_placement=Public; geo=Bay Area; candidate=Boris Strongin; owner=Sandy Ma; service=Retained,2017-06-02T00:00:00,Public,Bay Area,Boris Strongin,Sandy Ma,Retained
8x8,8x8 - VP Global Infrastructure & Virtual Office DevOps,DevOps,VP,2017,Placement,stage_at_placement=Public; geo=Bay Area; candidate=Stephane Fourdrinier; owner=Sandy Ma; service=Bluebird,2017-10-16T00:00:00,Public,Bay Area,Stephane Fourdrinier,Sandy Ma,Bluebird
8x8,8x8 - Sr Director of Data Analytics and Machine Learning,Data/ML/AI,Director,2017,Placement,stage_at_placement=Public; geo=Bay Area; candidate=Manu Mukerji; owner=Sandy Ma; service=Retained,2017-11-17T00:00:00,Public,Bay Area,Manu Mukerji,Sandy Ma,Retained
8x8,"8x8 - Sr. Dir Eng, Soft Phone",Engineering,Director,2018,Placement,stage_at_placement=Public; geo=Bay Area; candidate=Anoop Suri; owner=Sandy Ma; service=Retained,2018-08-02T00:00:00,Public,Bay Area,Anoop Suri,Sandy Ma,Retained
A Place for Mom,A Place for Mom - CTO,Engineering,CXO,2024,Placement,stage_at_placement=PE-Backed; geo=New York; candidate=Suzy Julius; owner=John Twamley; service=Retained,2024-01-16T00:00:00,PE-Backed,New York,Suzy Julius,John Twamley,Retained
A Place for Mom,A Place for Mom - CPO,Product Management,VP,2026,Placement,stage_at_placement=PE-Backed; geo=Colorado; candidate=Nidhin George; owner=Megan Sleeper; service=Retained,2026-04-06T00:00:00,PE-Backed,Colorado,Nidhin George,Megan Sleeper,Retained
A Place for Mom,A Place For Mom - Confidential CTO,Engineering,CXO,2026,Placement,stage_at_placement=PE-Backed; geo=New York; candidate=Jason Conley; owner=Megan Sleeper; service=Retained,2026-07-14T00:00:00,PE-Backed,New York,Jason Conley,Megan Sleeper,Retained
ABOUT YOU,About You - VP Tech & Product,Engineering,VP,2022,Placement,stage_at_placement=Public; geo=Europe; candidate=Greg Chan; owner=Myriam Vacher; service=Retained,2022-12-01T00:00:00,Public,Europe,Greg Chan,Myriam Vacher,Retained
ABOUT YOU,About You - VP Tech & Product,Engineering,VP,2022,Placement,stage_at_placement=Public; geo=Europe; candidate=Sergio Sola; owner=Myriam Vacher; service=Retained,2022-12-01T00:00:00,Public,Europe,Sergio Sola,Myriam Vacher,Retained
ABOUT YOU,"ABOUT YOU - Director of Product, SCAYLE",Product Management,Director,2023,Placement,stage_at_placement=Public; geo=Europe; candidate=Marina Resgalla Fernandes; owner=Vaiva Uryzaj; service=Retained,2023-11-24T00:00:00,Public,Europe,Marina Resgalla Fernandes,Vaiva Uryzaj,Retained
Achieve,Freedom Financial  - Chief Data Officer,Data/ML/AI,Head,2018,Placement,stage_at_placement=PE-Backed; geo=Bay Area; candidate=Rajeev Guliani; owner=Jason Hann; service=Retained,2018-08-27T00:00:00,PE-Backed,Bay Area,Rajeev Guliani,Jason Hann,Retained
Achieve,"Freedom Financial - Director of Engineering, Marcom (as VP Engineering)",Engineering,Director,2019,Placement,stage_at_placement=PE-Backed; geo=Bay Area; candidate=Nathan Broslawsky; owner=Emilie Dolan; service=Retained,2019-12-26T00:00:00,PE-Backed,Bay Area,Nathan Broslawsky,Emilie Dolan,Retained
Achieve,Freedom Financial - Chief Data Officer,Data/ML/AI,CXO,2020,Placement,stage_at_placement=PE-Backed; geo=Bay Area; candidate=Shwetank Kumar; owner=Sandy Ma; service=Retained,2020-03-03T00:00:00,PE-Backed,Bay Area,Shwetank Kumar,Sandy Ma,Retained
Achieve,Freedom Financial - VP Data Platform,Engineering,VP,2020,Placement,stage_at_placement=PE-Backed; geo=Bay Area; candidate=Sudhir Srinivas; owner=Sandy Ma; service=Retained,2020-07-09T00:00:00,PE-Backed,Bay Area,Sudhir Srinivas,Sandy Ma,Retained
Achieve,"Freedom Financial - Director of Engineering, Platform (as VP Engineering, Platform)",Engineering,VP,2020,Placement,stage_at_placement=PE-Backed; geo=Bay Area; candidate=Manan Mehra; owner=Emilie Dolan; service=Retained,2020-07-10T00:00:00,PE-Backed,Bay Area,Manan Mehra,Emilie Dolan,Retained
Achieve,Freedom Financial - VP Engineering (Lending),Engineering,VP,2021,Placement,stage_at_placement=PE-Backed; geo=Bay Area; candidate=David Cunha; owner=John Twamley; service=Retained,2021-03-01T00:00:00,PE-Backed,Bay Area,David Cunha,John Twamley,Retained
Achieve,Freedom Financial - Director of Data Science,Data/ML/AI,Director,2021,Placement,stage_at_placement=Financial Services; geo=Bay Area; candidate=Jim Olness; owner=Sandy Ma; service=Bluebird,2021-04-20T00:00:00,Financial Services,Bay Area,Jim Olness,Sandy Ma,Bluebird
Affirm,Affirm - SVP Engineering,Engineering,VP,2019,Placement,stage_at_placement=Series E+; geo=Bay Area; candidate=Stevan Vlaovic; owner=Dirk Cleveland; service=Retained,2019-06-25T00:00:00,Series E+,Bay Area,Stevan Vlaovic,Dirk Cleveland,Retained
Affirm,Affirm - Sr. Fullstack Engineer,Engineering,IC,2019,Placement,stage_at_placement=Series B; geo=Bay Area; candidate=Benoy Maniara; owner=Rivi HQ; service=Contingency,2019-06-25T00:00:00,Series B,Bay Area,Benoy Maniara,Rivi HQ,Contingency
Affirm,Affirm - Sr. Fullstack Engineer,Engineering,IC,2019,Placement,stage_at_placement=Series B; geo=Bay Area; candidate=Emerson Hum; owner=Rivi HQ; service=Contingency,2019-08-06T00:00:00,Series B,Bay Area,Emerson Hum,Rivi HQ,Contingency
Affirm,Affirm - Head of Product (as SVP Product),Product Management,VP,2020,Placement,stage_at_placement=Series E+; geo=Bay Area; candidate=Chung-Man Tam; owner=Andrew Abramson; service=Retained,2020-02-05T00:00:00,Series E+,Bay Area,Chung-Man Tam,Andrew Abramson,Retained
Affirm,Affirm - VP Design,Design/UX,VP,2020,Placement,stage_at_placement=Series E+; geo=Bay Area; candidate=Debbie Kawamoto; owner=Dirk Cleveland; service=Retained,2020-12-11T00:00:00,Series E+,Bay Area,Debbie Kawamoto,Dirk Cleveland,Retained
Affirm,"Affirm - VP Product, Consumer",Product Management,VP,2021,Placement,stage_at_placement=Public; geo=Bay Area; candidate=Vinod Kumar Ramachandran; owner=Andrew Abramson; service=Retained,2021-09-02T00:00:00,Public,Bay Area,Vinod Kumar Ramachandran,Andrew Abramson,Retained
Affirm,"Affirm - VP of Engineering, Merchant",Engineering,VP,2021,Placement,stage_at_placement=Public; geo=Bay Area; candidate=Mahi Sethuraman; owner=John Twamley; service=Retained,2021-10-21T00:00:00,Public,Bay Area,Mahi Sethuraman,John Twamley,Retained
Affirm,"Affirm - VP of Engineering, International",Engineering,VP,2021,Placement,stage_at_placement=Public; candidate=Ankush Koratkar; owner=John Twamley; service=Bluebird,2021-11-01T00:00:00,Public,,Ankush Koratkar,John Twamley,Bluebird
Affirm,"Affirm - Senior Director, Software Engineering - Financial Products",Engineering,Director,2021,Placement,stage_at_placement=Public; candidate=Ferhan Elvanoglu; owner=John Twamley; service=Retained,2021-12-11T00:00:00,Public,,Ferhan Elvanoglu,John Twamley,Retained
Affirm,"Affirm - Sr. Director of Software Engineering, Credit",Engineering,Director,2022,Placement,stage_at_placement=Public; candidate=Darien Ford; owner=John Twamley; service=Retained,2022-03-07T00:00:00,Public,,Darien Ford,John Twamley,Retained
Affirm,"Affirm - Director of Product, International",Product Management,Director,2022,Placement,stage_at_placement=Public; candidate=Vik Raman; owner=John Twamley; service=Retained,2022-03-29T00:00:00,Public,,Vik Raman,John Twamley,Retained
Affirm,"Affirm - VP of Engineering, Development Platform",Engineering,VP,2022,Placement,stage_at_placement=Public; candidate=Jeff Ayars; owner=Gino Morell; service=Retained,2022-04-26T00:00:00,Public,,Jeff Ayars,Gino Morell,Retained
Affirm,Affirm - VP of Engineering - Service Infrastructure and SRE,Engineering,VP,2022,Placement,stage_at_placement=Public; geo=Bay Area; candidate=Rajeev Lamba; owner=Gino Morell; service=Retained,2022-05-02T00:00:00,Public,Bay Area,Rajeev Lamba,Gino Morell,Retained
Affirm,"Affirm - Director of Product, Merchant API",Product Management,Director,2022,Placement,stage_at_placement=Public; candidate=Sudhindhar Janakiraman; owner=John Twamley; service=Bluebird,2022-05-16T00:00:00,Public,,Sudhindhar Janakiraman,John Twamley,Bluebird
Affirm,"Affirm - Sr. Director of Engineering, Merchant",Engineering,Director,2022,Placement,stage_at_placement=Public; geo=Bay Area; candidate=Laukik Watve; owner=Chloe Kataev; service=Retained,2022-05-16T00:00:00,Public,Bay Area,Laukik Watve,Chloe Kataev,Retained
Affirm,"Affirm - Senior Director of Product Design, Merchant",Design/UX,Director,2022,Placement,stage_at_placement=Public; candidate=Larry Butcher; owner=Michelle Stevens; service=Retained,2022-09-01T00:00:00,Public,,Larry Butcher,Michelle Stevens,Retained
Affirm,"Affirm - VP of Engineering, Data and Storage Platform",Engineering,VP,2022,Placement,stage_at_placement=Public; geo=Bay Area; candidate=Thomas Park; owner=Gino Morell; service=Retained,2022-09-26T00:00:00,Public,Bay Area,Thomas Park,Gino Morell,Retained
Airbnb,Airbnb - Software Engineer,Engineering,Other,2011,Placement,stage_at_placement=Series B; candidate=Alexander Brehm; owner=Rivi HQ; service=Contingency,2011-05-02T00:00:00,Series B,,Alexander Brehm,Rivi HQ,Contingency
Airbnb,Airbnb -Site Reliability Eng,Engineering,Other,2013,Placement,candidate=Jon Tai; owner=Rivi HQ; service=Contingency,2013-02-21T00:00:00,,,Jon Tai,Rivi HQ,Contingency
Airbnb,Airbnb - Back-End Engineer,Engineering,Other,2014,Placement,stage_at_placement=Series D; candidate=Siddharth Kar; owner=Rivi HQ; service=Contingency,2014-01-28T00:00:00,Series D,,Siddharth Kar,Rivi HQ,Contingency
Airbnb,Airbnb - Director of Product,Product Management,Director,2018,Placement,stage_at_placement=Series E+; geo=Bay Area; candidate=Namrata Patel; owner=Austin Brizendine; service=Retained,2018-06-26T00:00:00,Series E+,Bay Area,Namrata Patel,Austin Brizendine,Retained
Airbnb,"Airbnb - Director of Product, Luxury Retreats",Product Management,Director,2018,Placement,stage_at_placement=Series E+; geo=Bay Area; candidate=Jonathan Crowley; owner=Andrew Abramson; service=Retained,2018-12-21T00:00:00,Series E+,Bay Area,Jonathan Crowley,Andrew Abramson,Retained
Airbnb,"AirBnB - Head of Engineering Platform, Homes",Engineering,Head,2019,Placement,stage_at_placement=Series E+; geo=Bay Area; candidate=Usman Abbasi; owner=Jenna Zucker; service=Retained,2019-06-03T00:00:00,Series E+,Bay Area,Usman Abbasi,Jenna Zucker,Retained
Airbnb,"Airbnb - Head of Product, Host Growth",Product Management,Head,2019,Placement,stage_at_placement=Series E+; geo=Bay Area; candidate=Sanjay Raman; owner=Andrew Abramson; service=Retained,2019-06-16T00:00:00,Series E+,Bay Area,Sanjay Raman,Andrew Abramson,Retained
Airbnb,Airbnb - PM Lead-Homes Platform,Product Management,IC,2019,Placement,stage_at_placement=Series E+; geo=Bay Area; candidate=Nabarupa Banerjee; owner=Andrew Abramson; service=Retained,2019-07-16T00:00:00,Series E+,Bay Area,Nabarupa Banerjee,Andrew Abramson,Retained
Airbnb,"Airbnb - Director of Product, HotelTonight",Product Management,Director,2019,Placement,stage_at_placement=Series E+; geo=Bay Area; candidate=Pavan Tapadia; owner=Andrew Abramson; service=Retained,2019-09-12T00:00:00,Series E+,Bay Area,Pavan Tapadia,Andrew Abramson,Retained
Airbnb,Airbnb - Director of Product - Guest,Product Management,Director,2019,Placement,stage_at_placement=Series E+; geo=Bay Area; candidate=Pedraum Pardehpoosh; owner=Andrew Abramson; service=Retained,2019-12-18T00:00:00,Series E+,Bay Area,Pedraum Pardehpoosh,Andrew Abramson,Retained
Airbnb,"Airbnb - Product Lead, Guest Store",Product Management,IC,2021,Placement,stage_at_placement=Series E+; geo=Bay Area; candidate=Tim Weingarten; owner=Andrew Abramson; service=Bluebird,2021-01-08T00:00:00,Series E+,Bay Area,Tim Weingarten,Andrew Abramson,Bluebird
Airbnb,"AirBnB - Director of Product, Marketing",Product Management,Director,2022,Placement,stage_at_placement=Public; geo=Bay Area; candidate=Connie Lee Schiefer; owner=Alesandra Pacheco; service=Retained,2022-10-11T00:00:00,Public,Bay Area,Connie Lee Schiefer,Alesandra Pacheco,Retained
Airbnb,"AirBnB - Director, Client Foundation & Products",Engineering,Director,2022,Placement,stage_at_placement=Public; geo=Bay Area; candidate=Jordanna Kwok; owner=Kyle Langworthy; service=Retained,2022-10-24T00:00:00,Public,Bay Area,Jordanna Kwok,Kyle Langworthy,Retained
Airbnb,"AirBnB - Director of Engineering, Host Pricing",Engineering,Director,2023,Placement,stage_at_placement=Public; geo=Bay Area; candidate=Cheryl Quirion; owner=Kyle Langworthy; service=Retained,2023-02-08T00:00:00,Public,Bay Area,Cheryl Quirion,Kyle Langworthy,Retained
Altvia,Altvia - VP of Engineering,Engineering,VP,2023,Placement,stage_at_placement=PE-Backed; geo=Colorado; candidate=Jef Rice; owner=Robert Seiden; service=Retained,2023-02-05T00:00:00,PE-Backed,Colorado,Jef Rice,Robert Seiden,Retained
Altvia,Altvia - VP/Head of Product,Product Management,Head,2025,Placement,stage_at_placement=PE-Backed; geo=Colorado; candidate=Sebastian Holst; owner=Robert Seiden; service=Retained,2025-12-10T00:00:00,PE-Backed,Colorado,Sebastian Holst,Robert Seiden,Retained
Altvia,Altvia - CONFIDENTIAL VP Engineering,Engineering,VP,2025,Placement,stage_at_placement=PE-Backed; geo=Colorado; candidate=Joseph Mosby; owner=Robert Seiden; service=Retained,2025-12-16T00:00:00,PE-Backed,Colorado,Joseph Mosby,Robert Seiden,Retained
Amobee,Amobee - CTO 2017,Engineering,CXO,2017,Placement,stage_at_placement=Public; geo=Bay Area; candidate=Shouvick Mukherjee; owner=Iain Grant; service=Retained,2017-05-15T00:00:00,Public,Bay Area,Shouvick Mukherjee,Iain Grant,Retained
Amobee,Amobee - CPO,Product Management,CXO,2021,Placement,stage_at_placement=Public; geo=Bay Area; candidate=Niraj Deo; owner=Iain Grant; service=Retained,2021-06-02T00:00:00,Public,Bay Area,Niraj Deo,Iain Grant,Retained
Amobee,Amobee - CTO,Engineering,CXO,2021,Placement,stage_at_placement=Public; geo=Bay Area; candidate=Gregory Smith; owner=James Miller; service=Retained,2021-10-21T00:00:00,Public,Bay Area,Gregory Smith,James Miller,Retained
Ancestry,Ancestry - Data Scientist,Engineering,Other,2016,Placement,stage_at_placement=Public; geo=Bay Area; candidate=Tyler Tuan; owner=Rivi HQ; service=Team Svcs Retainer,2016-03-16T00:00:00,Public,Bay Area,Tyler Tuan,Rivi HQ,Team Svcs Retainer
Ancestry,Ancestry - Tech Lead - Search and Ranking,Engineering,IC,2017,Placement,stage_at_placement=Public; geo=Bay Area; candidate=Alex Li; owner=Will Hunsinger; service=Contingency,2017-01-10T00:00:00,Public,Bay Area,Alex Li,Will Hunsinger,Contingency
Ancestry,Ancestry.com - VP of Product 2021,Product Management,VP,2021,Placement,stage_at_placement=PE-Backed; geo=Bay Area; candidate=Jen Dante; owner=Chris Rice; service=Retained,2021-11-29T00:00:00,PE-Backed,Bay Area,Jen Dante,Chris Rice,Retained
Ancestry,Ancestry.com - VP of Product,Product Management,VP,2021,Placement,stage_at_placement=PE-Backed; geo=Bay Area; candidate=Jack Bernstein; owner=Chris Rice; service=Bluebird,2021-11-30T00:00:00,PE-Backed,Bay Area,Jack Bernstein,Chris Rice,Bluebird
ASOS,"ASOS - EVP, Digital Product",Product Management,VP,2023,Placement,stage_at_placement=Public; geo=Europe; candidate=Anthony Ben Sadoun; owner=Pete Alexander; service=Retained,2023-12-17T00:00:00,Public,Europe,Anthony Ben Sadoun,Pete Alexander,Retained
ASOS,ASOS - EVP Technology,Engineering,VP,2024,Placement,stage_at_placement=Public; geo=Europe; candidate=Przemek Czarnecki; owner=Pete Alexander; service=Retained,2024-11-11T00:00:00,Public,Europe,Przemek Czarnecki,Pete Alexander,Retained
ASOS,ASOS - Director of Operations,Information Technology,Director,2025,Placement,stage_at_placement=Public; geo=Europe; candidate=Luis Mineiro; owner=Sistla Vaishnavi; service=Retained,2025-06-30T00:00:00,Public,Europe,Luis Mineiro,Sistla Vaishnavi,Retained
Asurion,Asurion - VP of AI & Platforms,Data/ML/AI,VP,2025,Placement,stage_at_placement=PE-Backed; geo=Bay Area; candidate=Nihar Modi; owner=Matt Skiba; service=Retained,2025-07-21T00:00:00,PE-Backed,Bay Area,Nihar Modi,Matt Skiba,Retained
Asurion,Asurion - Chief Technology Officer (Confidential),Engineering,CXO,2025,Placement,stage_at_placement=PE-Backed; geo=Bay Area; candidate=Nan Guo; owner=Matt Skiba; service=Retained,2025-11-24T00:00:00,PE-Backed,Bay Area,Nan Guo,Matt Skiba,Retained
Asurion,"Asurion - VP, Chief of Staff",Product Management,VP,2026,Placement,stage_at_placement=PE-Backed; geo=Bay Area; candidate=Mariana Borba; owner=Matt Skiba; service=Retained,2026-03-23T00:00:00,PE-Backed,Bay Area,Mariana Borba,Matt Skiba,Retained
Asurion,"Asurion - VP of Engineering, Customer Experience",Engineering,VP,2026,Placement,stage_at_placement=PE-Backed; geo=Bay Area; candidate=Deepa Ramachandran; owner=James Miller; service=Retained,2026-06-19T00:00:00,PE-Backed,Bay Area,Deepa Ramachandran,James Miller,Retained
Atlassian,Atlassian - CPO,Product Management,CXO,2017,Placement,stage_at_placement=Public; geo=Bay Area; candidate=Joff Redfern; owner=Austin Brizendine; service=Retained,2017-06-07T00:00:00,Public,Bay Area,Joff Redfern,Austin Brizendine,Retained
Atlassian,"Atlassian - GPM, Confluence",Product Management,IC,2017,Placement,stage_at_placement=Public; geo=Bay Area; candidate=Pratima Arora; owner=Austin Brizendine; service=Retained,2017-07-21T00:00:00,Public,Bay Area,Pratima Arora,Austin Brizendine,Retained
Atlassian,Atlassian - VP Product 2018,Product Management,VP,2018,Placement,stage_at_placement=Public; geo=Australia; candidate=Noah Wasmer; owner=Austin Brizendine; service=Retained,2018-10-23T00:00:00,Public,Australia,Noah Wasmer,Austin Brizendine,Retained
Atlassian,Atlassian - VP Product 2021,Product Management,VP,2021,Placement,stage_at_placement=Public; geo=Bay Area; candidate=Erika Trautman; owner=Andrew Abramson; service=Retained,2021-10-26T00:00:00,Public,Bay Area,Erika Trautman,Andrew Abramson,Retained
Atlassian,"Atlassian - Head of Engineering, Economy (as Head of Engineering, Jira Align)",Engineering,Head,2022,Placement,stage_at_placement=Public; candidate=Paulo Gustavo Veiga; owner=Michael Tumasian; service=Retained,2022-01-14T00:00:00,Public,,Paulo Gustavo Veiga,Michael Tumasian,Retained
Atlassian,Atlassian - VP Product,Product Management,VP,2022,Placement,stage_at_placement=Public; geo=Bay Area; candidate=Genevieve Sheehan; owner=Andrew Abramson; service=Retained,2022-06-01T00:00:00,Public,Bay Area,Genevieve Sheehan,Andrew Abramson,Retained
Atlassian,Atlassian - Head of DevOps Engineering (as Head of Engineering),Engineering,Head,2022,Placement,stage_at_placement=Public; geo=Bay Area; candidate=Daniel Tao; owner=Michael Tumasian; service=Retained,2022-06-29T00:00:00,Public,Bay Area,Daniel Tao,Michael Tumasian,Retained
AutoScout24,Autoscout24 - VP Engineering (Confidential),Engineering,VP,2025,Placement,stage_at_placement=PE-Backed; geo=Canada; candidate=Diana Tang; owner=Steve Kasmouski; service=Retained,2025-06-23T00:00:00,PE-Backed,Canada,Diana Tang,Steve Kasmouski,Retained
AutoScout24,Autoscout24 - VP Product (Confidential),Product Management,VP,2025,Placement,stage_at_placement=PE-Backed; geo=Canada; candidate=German Karaivanov; owner=Steve Kasmouski; service=Retained,2025-06-25T00:00:00,PE-Backed,Canada,German Karaivanov,Steve Kasmouski,Retained
AutoScout24,Autoscout24 - Director of Product,Product Management,Director,2025,Placement,stage_at_placement=PE-Backed; geo=Europe; candidate=Jelena Vukadinovic; owner=Jacob Williamson; service=Retained,2025-08-04T00:00:00,PE-Backed,Europe,Jelena Vukadinovic,Jacob Williamson,Retained
AutoScout24,Autoscout24 - Head of Data Science,Data/ML/AI,Head,2025,Placement,stage_at_placement=PE-Backed; geo=Europe; candidate=Jeff Doering; owner=Steve Kasmouski; service=Retained,2025-10-23T00:00:00,PE-Backed,Europe,Jeff Doering,Steve Kasmouski,Retained
AutoScout24,Autoscout24 - VP of Product,Product Management,Director,2025,Placement,stage_at_placement=PE-Backed; geo=Other East Coast; candidate=Marshall Goldfarb; owner=Steve Kasmouski; service=Retained,2025-11-14T00:00:00,PE-Backed,Other East Coast,Marshall Goldfarb,Steve Kasmouski,Retained
AutoScout24,Autoscout24 - Director of Business Analytics,Administrative,Director,2026,Placement,stage_at_placement=PE-Backed; geo=Europe; candidate=Quentin Cassier; owner=Lydia Shepherd; service=Retained,2026-02-25T00:00:00,PE-Backed,Europe,Quentin Cassier,Lydia Shepherd,Retained
AutoScout24,Autoscout24 - Vice President of Engineering,Engineering,Director,2026,Placement,stage_at_placement=PE-Backed; geo=Europe; candidate=Ali Mehrpour; owner=Steve Kasmouski; service=Retained,2026-03-11T00:00:00,PE-Backed,Europe,Ali Mehrpour,Steve Kasmouski,Retained
Avalara,Avalara - SVP of Engineering (as VP Returns),Engineering,VP,2020,Placement,stage_at_placement=Public; geo=Seattle; candidate=Denis Gulsen; owner=James Miller; service=Retained,2020-03-12T00:00:00,Public,Seattle,Denis Gulsen,James Miller,Retained
Avalara,Avalara - VP Registrations,Engineering,VP,2020,Placement,stage_at_placement=Public; geo=Seattle; candidate=Masayuji Karahashi; owner=Gino Morell; service=Retained,2020-05-04T00:00:00,Public,Seattle,Masayuji Karahashi,Gino Morell,Retained
Avalara,Avalara - VP Connectors,Engineering,VP,2020,Placement,stage_at_placement=Public; geo=Seattle; candidate=Hemendra Pal; owner=Kyle Langworthy; service=Retained,2020-06-08T00:00:00,Public,Seattle,Hemendra Pal,Kyle Langworthy,Retained
Avalara,Avalara - VP Content,Engineering,VP,2020,Placement,stage_at_placement=Public; geo=Seattle; candidate=Vsu Subramanian; owner=James Miller; service=Retained,2020-08-06T00:00:00,Public,Seattle,Vsu Subramanian,James Miller,Retained
Avalara,Avalara - Principal Architect,Engineering,Architect,2020,Placement,stage_at_placement=Public; geo=Seattle; candidate=Nicolas Nicolov; owner=James Miller; service=Bluebird,2020-08-19T00:00:00,Public,Seattle,Nicolas Nicolov,James Miller,Bluebird
Avalara,Avalara - Principal Architect2,Engineering,Architect,2020,Placement,stage_at_placement=Public; geo=Seattle; candidate=Tim Diekmann; owner=James Miller; service=Bluebird,2020-08-28T00:00:00,Public,Seattle,Tim Diekmann,James Miller,Bluebird
Avalara,Avalara - Director Core Services,Engineering,Director,2020,Placement,stage_at_placement=Public; geo=Seattle; candidate=Priya Poolavari; owner=Jim Campbell; service=Retained,2020-12-03T00:00:00,Public,Seattle,Priya Poolavari,Jim Campbell,Retained
Avalara,"Avalara - Dir of Engineering, Data Analytics & BI Products",Engineering,Director,2021,Placement,stage_at_placement=Public; geo=Seattle; candidate=Jay Ghorbani; owner=James Miller; service=Retained,2021-01-26T00:00:00,Public,Seattle,Jay Ghorbani,James Miller,Retained
Avalara,"Avalara - Sr. Director, IT",Information Technology,Director,2021,Placement,stage_at_placement=Public; geo=Seattle; candidate=Ryan Blackbourn; owner=James Miller; service=Retained,2021-05-10T00:00:00,Public,Seattle,Ryan Blackbourn,James Miller,Retained
Avalara,"Avalara - Sr Director/VP, Billing and Usage (as Sr. Director, Engineering)",Engineering,Director,2021,Placement,stage_at_placement=Public; geo=Seattle; candidate=Pradeep Ram; owner=James Miller; service=Retained,2021-08-16T00:00:00,Public,Seattle,Pradeep Ram,James Miller,Retained
Avalara,Avalara - Director of Cloud Connect,Engineering,Director,2021,Placement,stage_at_placement=Public; geo=Seattle; candidate=Adam Axelrod; owner=Chloe Kataev; service=Retained,2021-09-27T00:00:00,Public,Seattle,Adam Axelrod,Chloe Kataev,Retained
Avalara,Avalara - VP Determination,Engineering,VP,2022,Placement,stage_at_placement=Public; geo=Seattle; candidate=Kay Johansson; owner=James Miller; service=Retained,2022-01-26T00:00:00,Public,Seattle,Kay Johansson,James Miller,Retained
Avalara,Avalara - VP of Business Technology,Information Technology,VP,2024,Placement,stage_at_placement=PE-Backed; geo=Seattle; candidate=Sridevi Pasumarthi; owner=Matt Stravitz; service=Retained,2024-08-28T00:00:00,PE-Backed,Seattle,Sridevi Pasumarthi,Matt Stravitz,Retained
Avalara,Avalara - VP Product Security,Information Security,VP,2024,Placement,stage_at_placement=PE-Backed; geo=Seattle; candidate=Eric Veum; owner=Sean Cleary; service=Retained,2024-12-30T00:00:00,PE-Backed,Seattle,Eric Veum,Sean Cleary,Retained
Avalara,"Avalara - VP Engineering, Global Integrations",Engineering,VP,2025,Placement,stage_at_placement=PE-Backed; geo=Seattle; candidate=Nicolas Damonte; owner=Matt Stravitz; service=Retained,2025-05-07T00:00:00,PE-Backed,Seattle,Nicolas Damonte,Matt Stravitz,Retained
Avalara,Avalara - CIO,Information Technology,CXO,2025,Placement,stage_at_placement=PE-Backed; geo=Seattle; candidate=Shahan Parshad; owner=Matt Stravitz; service=Retained,2025-05-11T00:00:00,PE-Backed,Seattle,Shahan Parshad,Matt Stravitz,Retained
Avalara,"Avalara - Engineering, Head of AI",Engineering,Director,2025,Placement,stage_at_placement=PE-Backed; geo=Seattle; candidate=Keith Nordstrom; owner=James Miller; service=Retained,2025-06-08T00:00:00,PE-Backed,Seattle,Keith Nordstrom,James Miller,Retained
Avalara,Avalara - VP of AI Enablement,Information Technology,VP,2026,Placement,stage_at_placement=PE-Backed; geo=Seattle; candidate=Shalini Mayor; owner=James Miller; service=Retained,2026-06-24T00:00:00,PE-Backed,Seattle,Shalini Mayor,James Miller,Retained
AVIV Group,AVIV Group - Project Hive (Chief Data & AI Officer),Data/ML/AI,CXO,2025,Placement,stage_at_placement=PE-Backed; geo=Europe; candidate=Kshira Saagar; owner=James Ryan; service=Retained,2025-09-18T00:00:00,PE-Backed,Europe,Kshira Saagar,James Ryan,Retained
AVIV Group,"AVIV Group - CPTO, Belgium",Engineering,CXXO,2025,Placement,stage_at_placement=PE-Backed; geo=Europe; candidate=Martine van der Lee; owner=Lisa Morgan; service=Retained,2025-10-21T00:00:00,PE-Backed,Europe,Martine van der Lee,Lisa Morgan,Retained
AVIV Group,"AVIV Group - CPO, Germany",Product Management,CXO,2025,Placement,stage_at_placement=PE-Backed; geo=Europe; candidate=James Brooke; owner=James Ryan; service=Retained,2025-11-07T00:00:00,PE-Backed,Europe,James Brooke,James Ryan,Retained
AVIV Group,"AVIV Group - CPO, France",Product Management,CXO,2025,Placement,stage_at_placement=PE-Backed; geo=Europe; candidate=Julien MERAUD; owner=James Ryan; service=Retained,2025-12-04T00:00:00,PE-Backed,Europe,Julien MERAUD,James Ryan,Retained
Banyan Software,"Banyan Software - VP,  AI Enablement",Data/ML/AI,VP,2025,Placement,stage_at_placement=PE-Backed; geo=Bay Area; candidate=Mike Kazmier; owner=Jayme Karr; service=Retained,2025-12-09T00:00:00,PE-Backed,Bay Area,Mike Kazmier,Jayme Karr,Retained
Banyan Software,Banyan Software - Portfolio Product Partner,Operating Partner,Other,2026,Placement,stage_at_placement=PE-Backed; geo=Bay Area; candidate=Xavi Argente; owner=Adam Charlson; service=Retained,2026-04-29T00:00:00,PE-Backed,Bay Area,Xavi Argente,Adam Charlson,Retained
Banyan Software,"Banyan Software - Portfolio Product Partner, North America",Product Management,Other,2026,Placement,stage_at_placement=PE-Backed; geo=Bay Area; candidate=Joe Procopio; owner=Adam Charlson; service=Retained,2026-06-26T00:00:00,PE-Backed,Bay Area,Joe Procopio,Adam Charlson,Retained
BILL,Bill.com - SVP Product,Product Management,VP,2018,Placement,stage_at_placement=Series E+; geo=Bay Area; candidate=Bora Chung; owner=Iain Grant; service=Retained,2018-11-01T00:00:00,Series E+,Bay Area,Bora Chung,Iain Grant,Retained
BILL,Bill.com - Application Security Architect,Information Security,Architect,2019,Placement,stage_at_placement=Series E+; geo=Bay Area; candidate=Sriram Dandapani; owner=Dante Carpinito; service=Retained,2019-04-29T00:00:00,Series E+,Bay Area,Sriram Dandapani,Dante Carpinito,Retained
BILL,Bill.com - Data Scientist/Director Data Science,Data/ML/AI,Director,2019,Placement,stage_at_placement=Series E+; geo=Bay Area; candidate=Eitan Anzenberg; owner=Dante Carpinito; service=Retained,2019-06-24T00:00:00,Series E+,Bay Area,Eitan Anzenberg,Dante Carpinito,Retained
BILL,Bill.com - VP of UX,Design/UX,VP,2019,Placement,stage_at_placement=Series E+; geo=Bay Area; candidate=Venugopal Murthi; owner=Dante Carpinito; service=Retained,2019-07-01T00:00:00,Series E+,Bay Area,Venugopal Murthi,Dante Carpinito,Retained
BILL,Bill.com - CISO,Information Security,CXO,2019,Placement,stage_at_placement=Series E+; geo=Bay Area; candidate=Hemant Raju; owner=Dante Carpinito; service=Retained,2019-07-08T00:00:00,Series E+,Bay Area,Hemant Raju,Dante Carpinito,Retained
BILL,Bill.com - Distinguished Engineer,Engineering,IC,2020,Placement,stage_at_placement=Public; geo=Bay Area; candidate=Everett Quebral; owner=Jim Campbell; service=Retained,2020-09-30T00:00:00,Public,Bay Area,Everett Quebral,Jim Campbell,Retained
BILL,Bill.com - VP Tech Ops and Infrastructure,DevOps,VP,2021,Placement,stage_at_placement=Public; geo=Bay Area; candidate=Jason Temple; owner=Dante Carpinito; service=Retained,2021-04-12T00:00:00,Public,Bay Area,Jason Temple,Dante Carpinito,Retained
BILL,Bill.com - VP Tech Ops and Infrastructure,DevOps,VP,2021,Placement,stage_at_placement=Public; geo=Bay Area; candidate=TJ Sanghvi; owner=Dante Carpinito; service=Retained,2021-04-12T00:00:00,Public,Bay Area,TJ Sanghvi,Dante Carpinito,Retained
BILL,Bill.com - VP and Chief Architect,Engineering,VP,2021,Placement,stage_at_placement=Public; geo=Bay Area; candidate=Alexander Yavorskiy; owner=Dante Carpinito; service=Retained,2021-05-26T00:00:00,Public,Bay Area,Alexander Yavorskiy,Dante Carpinito,Retained
BILL,Bill.com - CPO,Product Management,CXO,2022,Placement,stage_at_placement=Public; geo=Bay Area; candidate=Irana Wasti; owner=Iain Grant; service=Retained,2022-07-29T00:00:00,Public,Bay Area,Irana Wasti,Iain Grant,Retained
Bond (fractional aviation solution),Bond - VP of Program Management,Project Management,VP,2026,Placement,stage_at_placement=PE-Backed; geo=Florida; candidate=Samuel Hazell; owner=Amie Ernst; service=Retained,2026-04-06T00:00:00,PE-Backed,Florida,Samuel Hazell,Amie Ernst,Retained
Bond (fractional aviation solution),Bond - VP of Program Management,Project Management,VP,2026,Placement,stage_at_placement=PE-Backed; geo=Florida; candidate=Aarthy Chandrasekaran; owner=Amie Ernst; service=Retained,2026-04-06T00:00:00,PE-Backed,Florida,Aarthy Chandrasekaran,Amie Ernst,Retained
Bond (fractional aviation solution),Bond-  VP of Product Management,Product Management,VP,2026,Placement,stage_at_placement=PE-Backed; geo=Florida; candidate=Joe Rhie; owner=Amie Ernst; service=Retained,2026-05-05T00:00:00,PE-Backed,Florida,Joe Rhie,Amie Ernst,Retained
BrightDrop,BrightDrop - CTO,Engineering,CXO,2021,Placement,stage_at_placement=Public; geo=Bay Area; candidate=Anthony Armenta; owner=Kyle Langworthy; service=Retained,2021-06-07T00:00:00,Public,Bay Area,Anthony Armenta,Kyle Langworthy,Retained
BrightDrop,BrightDrop - Chief Product Officer 2021,Product Management,CXO,2021,Placement,stage_at_placement=Public; geo=Bay Area; candidate=Rachad Youssef; owner=Kate McGoldrick; service=Retained,2021-06-21T00:00:00,Public,Bay Area,Rachad Youssef,Kate McGoldrick,Retained
BrightDrop,BrightDrop - VP of Software Engineering,Engineering,VP,2023,Placement,stage_at_placement=Public; geo=Bay Area; candidate=Lili Kan; owner=Lucas Dunne; service=Retained,2023-02-16T00:00:00,Public,Bay Area,Lili Kan,Lucas Dunne,Retained
BrightDrop,BrightDrop - Chief Product Officer,Product Management,CXO,2023,Placement,stage_at_placement=Public; candidate=Akash Varshney; owner=Iain Grant; service=Retained,2023-06-23T00:00:00,Public,,Akash Varshney,Iain Grant,Retained
Bumble,Bumble - Head of Product,Product Management,Head,2021,Placement,stage_at_placement=Public; geo=Europe; candidate=Vivienne Sung; owner=Glenn Murphy; service=Retained,2021-04-19T00:00:00,Public,Europe,Vivienne Sung,Glenn Murphy,Retained
Bumble,Bumble - Product Lead (as Director of Product),Product Management,Director,2021,Placement,stage_at_placement=Public; geo=Austin; candidate=Effie Wang; owner=Glenn Murphy; service=Retained,2021-09-28T00:00:00,Public,Austin,Effie Wang,Glenn Murphy,Retained
Bumble,Bumble - Director of Monetization,Product Management,Director,2021,Placement,stage_at_placement=Public; geo=Europe; candidate=Steve Moy; owner=Glenn Murphy; service=Bluebird,2021-10-12T00:00:00,Public,Europe,Steve Moy,Glenn Murphy,Bluebird
Bumble,"Bumble - Director, Badoo Date",Product Management,Director,2021,Placement,stage_at_placement=Public; geo=Europe; candidate=Mehmet Ali Guneri; owner=Glenn Murphy; service=Bluebird,2021-10-12T00:00:00,Public,Europe,Mehmet Ali Guneri,Glenn Murphy,Bluebird
Capital One,Capital One - VP Design,Design/UX,VP,2013,Placement,stage_at_placement=Public; candidate=Marianna Wickman; owner=Dirk Cleveland; service=Retained,2013-10-29T00:00:00,Public,,Marianna Wickman,Dirk Cleveland,Retained
Capital One,Capital One - #1 Data Eng,Engineering,Other,2014,Placement,geo=Bay Area; candidate=Dongming Liang; owner=Rivi HQ; service=Team Svcs Placement,2014-12-11T00:00:00,,Bay Area,Dongming Liang,Rivi HQ,Team Svcs Placement
Capital One,"Capital One - VP Technology, Card Partnerships",Engineering,VP,2016,Placement,stage_at_placement=Public; geo=Chicago; candidate=Sairam Rangachari; owner=Eric Larson; service=Retained,2016-03-31T00:00:00,Public,Chicago,Sairam Rangachari,Eric Larson,Retained
Capital One,Capital One - SVP Innovation Lab,Product Management,VP,2016,Placement,stage_at_placement=Public; candidate=Karen Stroup; owner=Eric Larson; service=Retained,2016-06-28T00:00:00,Public,,Karen Stroup,Eric Larson,Retained
Cast & Crew Entertainment Services,Cast & Crew - CTO,Engineering,CXO,2016,Placement,stage_at_placement=PE-Backed; geo=SoCal; candidate=Alex Godelman; owner=Eric Larson; service=Retained,2016-01-13T00:00:00,PE-Backed,SoCal,Alex Godelman,Eric Larson,Retained
Cast & Crew Entertainment Services,Cast & Crew - VP/Senior Director of Engineering (as VP Software Engineering),Engineering,Director,2017,Placement,stage_at_placement=PE-Backed; geo=SoCal; candidate=John Cullens; owner=Eric Larson; service=Retained,2017-02-11T00:00:00,PE-Backed,SoCal,John Cullens,Eric Larson,Retained
Cast & Crew Entertainment Services,Cast & Crew - Engineering Manager (as Sr. Engineering Manager),Engineering,IC,2017,Placement,stage_at_placement=PE-Backed; geo=SoCal; candidate=Charly Lin; owner=Gino Morell; service=Retained,2017-03-24T00:00:00,PE-Backed,SoCal,Charly Lin,Gino Morell,Retained
Cast & Crew Entertainment Services,"Cast & Crew - Manager, Software Engineering",Engineering,IC,2017,Placement,stage_at_placement=PE-Backed; geo=SoCal; candidate=Nova McLaren; owner=Eric Larson; service=Bluebird,2017-04-12T00:00:00,PE-Backed,SoCal,Nova McLaren,Eric Larson,Bluebird
Cast & Crew Entertainment Services,Cast & Crew Entertainment Services - AI Board Director,Board Member,Board,2025,Placement,stage_at_placement=PE-Backed; geo=New York; candidate=Vasi Philomin; owner=Megan Sleeper; service=Retained,2025-05-05T00:00:00,PE-Backed,New York,Vasi Philomin,Megan Sleeper,Retained
CCC Information Services,CCC - Confidential Retained Search,Product Management,CXO,2021,Placement,stage_at_placement=PE-Backed; geo=Chicago; candidate=Shivani Govil; owner=Eric Larson; service=Retained,2021-02-04T00:00:00,PE-Backed,Chicago,Shivani Govil,Eric Larson,Retained
CCC Information Services,"CCC - VP Product Management, Insurance Vertical",Product Management,VP,2022,Placement,stage_at_placement=Public; geo=Chicago; candidate=Jeff Wargin; owner=Steve Kasmouski; service=Retained,2022-01-14T00:00:00,Public,Chicago,Jeff Wargin,Steve Kasmouski,Retained
CCC Information Services,CCC - Director of Product Management,Product Management,Director,2022,Placement,stage_at_placement=Public; geo=Chicago; candidate=Douglas Wing; owner=Steve Kasmouski; service=Bluebird,2022-05-26T00:00:00,Public,Chicago,Douglas Wing,Steve Kasmouski,Bluebird
Credit Acceptance,Credit Acceptance - CTO,Engineering,CXO,2022,Placement,stage_at_placement=Public; candidate=Ravi Mohan; owner=Chris Rice; service=Retained,2022-09-12T00:00:00,Public,,Ravi Mohan,Chris Rice,Retained
Credit Acceptance,Credit Acceptance - CISO,Information Security,CXO,2024,Placement,stage_at_placement=Public; geo=Michigan; candidate=Tim Marsden; owner=Tina Gaines; service=Retained,2024-02-21T00:00:00,Public,Michigan,Tim Marsden,Tina Gaines,Retained
Credit Acceptance,Credit Acceptance - Head of AI,Data/ML/AI,Head,2024,Placement,stage_at_placement=Public; geo=Michigan; candidate=Gaurav Saxena; owner=Mike Callagy; service=Retained,2024-02-29T00:00:00,Public,Michigan,Gaurav Saxena,Mike Callagy,Retained
Credit Acceptance,"Credit Acceptance - VP, Consumer Engineering",Engineering,VP,2025,Placement,stage_at_placement=Public; geo=Michigan; candidate=Mahi Sethuraman; owner=Gino Morell; service=Retained,2025-01-24T00:00:00,Public,Michigan,Mahi Sethuraman,Gino Morell,Retained
Credit Acceptance,"Credit Acceptance - Head of Engineering Operations, Chief of Staff",Project Management,CXO,2025,Placement,stage_at_placement=Public; geo=Michigan; candidate=Nivedita Bhasin; owner=Gino Morell; service=Retained,2025-07-30T00:00:00,Public,Michigan,Nivedita Bhasin,Gino Morell,Retained
Credit Acceptance,"Credit Acceptance - Director, Consumer Experience",Engineering,Director,2025,Placement,stage_at_placement=Public; geo=Other East Coast; candidate=Anurag Rohatgi; owner=Gino Morell; service=Retained,2025-12-29T00:00:00,Public,Other East Coast,Anurag Rohatgi,Gino Morell,Retained
Credit Acceptance,"Credit Acceptance - Director, Consumer Experience",Engineering,Director,2025,Placement,stage_at_placement=Public; geo=Other East Coast; candidate=Sridhar Muttumu; owner=Gino Morell; service=Retained,2025-12-29T00:00:00,Public,Other East Coast,Sridhar Muttumu,Gino Morell,Retained
Cruise,Cruise - VP Engineering,Engineering,VP,2016,Placement,stage_at_placement=Public; geo=Bay Area; candidate=Sasha Ostojic; owner=Ali Behnam; service=Retained,2016-10-04T00:00:00,Public,Bay Area,Sasha Ostojic,Ali Behnam,Retained
Cruise,Cruise - Backend Engineer,Engineering,IC,2019,Placement,stage_at_placement=Public; geo=Bay Area; candidate=Joe Templeman; owner=Rivi HQ; service=Contingency,2019-02-26T00:00:00,Public,Bay Area,Joe Templeman,Rivi HQ,Contingency
Cruise,Cruise - Head of Robotics (as VP Robotics),Hardware Engineering,Head,2019,Placement,stage_at_placement=Public; geo=Bay Area; candidate=Rashed Haq; owner=James Miller; service=Retained,2019-11-18T00:00:00,Public,Bay Area,Rashed Haq,James Miller,Retained
Cruise,"Cruise - Staff Engineer, AV Robotics",Engineering,IC,2019,Placement,stage_at_placement=Public; geo=Bay Area; candidate=Shad Laws; owner=James Miller; service=Bluebird,2019-12-16T00:00:00,Public,Bay Area,Shad Laws,James Miller,Bluebird
Cruise,Cruise - Director of Perception,Data/ML/AI,Director,2020,Placement,stage_at_placement=Public; geo=Bay Area; candidate=Cristina Scheau; owner=Kyle Langworthy; service=Retained,2020-01-14T00:00:00,Public,Bay Area,Cristina Scheau,Kyle Langworthy,Retained
Cruise,"Cruise - Principal Engineer, Data",Engineering,IC,2021,Placement,stage_at_placement=Public; geo=Bay Area; candidate=Hossein Attar; owner=Kyle Langworthy; service=Retained,2021-01-15T00:00:00,Public,Bay Area,Hossein Attar,Kyle Langworthy,Retained
Datadog,"Datadog - VP, Infrastructure & SRE",Engineering,VP,2020,Placement,stage_at_placement=Public; geo=New York; candidate=Johan Andersen; owner=Jonathan Peters; service=Retained,2020-07-07T00:00:00,Public,New York,Johan Andersen,Jonathan Peters,Retained
Datadog,"Datadog - VP, Engineering (Data Platforms)",Engineering,VP,2021,Placement,stage_at_placement=Public; geo=New York; candidate=Ivo Dimitrov; owner=Jonathan Peters; service=Retained,2021-05-04T00:00:00,Public,New York,Ivo Dimitrov,Jonathan Peters,Retained
Datadog,"Datadog - Senior Director, Metrics Platform",Engineering,Director,2021,Placement,stage_at_placement=Public; geo=New York; candidate=Kumar Pasumarthy; owner=Jonathan Peters; service=Bluebird,2021-11-16T00:00:00,Public,New York,Kumar Pasumarthy,Jonathan Peters,Bluebird
Datadog,Datadog - Engineering Manager,Engineering,IC,2022,Placement,stage_at_placement=Public; geo=New York; candidate=Simon Boudrias; owner=Jonathan Peters; service=Retained,2022-01-28T00:00:00,Public,New York,Simon Boudrias,Jonathan Peters,Retained
Datadog,"Datadog - Engineering Manager, Metrics (as Engineer Director)",Engineering,Director,2022,Placement,stage_at_placement=Public; geo=New York; candidate=Ram Kaul; owner=Eddie Lee; service=Retained,2022-02-11T00:00:00,Public,New York,Ram Kaul,Eddie Lee,Retained
Datadog,Datadog - Engineering Director,Engineering,Director,2022,Placement,stage_at_placement=Public; geo=New York; candidate=Can Gencer; owner=Jonathan Peters; service=Bluebird,2022-02-25T00:00:00,Public,New York,Can Gencer,Jonathan Peters,Bluebird
Datadog,"Datadog - Senior Director Events Platform (as Senior Director of Engineering, Event Platform)",Engineering,Director,2022,Placement,stage_at_placement=Public; geo=New York; candidate=Ryan Betts; owner=Jonathan Peters; service=Retained,2022-04-12T00:00:00,Public,New York,Ryan Betts,Jonathan Peters,Retained
Datadog,Datadog - VP of IT,Information Technology,VP,2026,Placement,stage_at_placement=Public; geo=New York; candidate=Sean Joerg; owner=Sean Cleary; service=Retained,2026-06-15T00:00:00,Public,New York,Sean Joerg,Sean Cleary,Retained
Datto,Datto - CPO,Product Management,CXO,2020,Placement,stage_at_placement=Series B; geo=New York; candidate=Radhesh Menon; owner=Eric Larson; service=Retained,2020-05-21T00:00:00,Series B,New York,Radhesh Menon,Eric Larson,Retained
Datto,Datto - VP Infrastructure Engineering,Engineering,VP,2021,Placement,stage_at_placement=Public; geo=Other East Coast; candidate=Keith Bray; owner=Eric Larson; service=Retained,2021-03-05T00:00:00,Public,Other East Coast,Keith Bray,Eric Larson,Retained
Datto,"Datto - Chief Digital Officer (as SVP, Engineering - Digital Experience and Platforms)",Engineering,VP,2021,Placement,stage_at_placement=Public; geo=New York; candidate=Ravi Mohan; owner=Eric Larson; service=Retained,2021-08-26T00:00:00,Public,New York,Ravi Mohan,Eric Larson,Retained
Datto,"Datto - SVP of Digital Partner Experience, Chief Digital Officer",Engineering,CXO,2022,Placement,stage_at_placement=PE-Backed; geo=New York; candidate=Carlson Choi; owner=Eric Larson; service=Bluebird,2022-11-09T00:00:00,PE-Backed,New York,Carlson Choi,Eric Larson,Bluebird
"Diligent (Software Development, IP Portco)","Diligent - VP Product, Boards",Product Management,VP,2023,Placement,stage_at_placement=PE-Backed; geo=New York; candidate=Yu-Kuan Lin; owner=Eddie Lee; service=Retained,2023-11-17T00:00:00,PE-Backed,New York,Yu-Kuan Lin,Eddie Lee,Retained
"Diligent (Software Development, IP Portco)","Diligent - VP, Product Design",Design/UX,VP,2024,Placement,stage_at_placement=PE-Backed; geo=New York; candidate=Marcus Skala; owner=Eddie Lee; service=Retained,2024-03-14T00:00:00,PE-Backed,New York,Marcus Skala,Eddie Lee,Retained
"Diligent (Software Development, IP Portco)","Diligent - VP, Product Design",Design/UX,VP,2024,Placement,stage_at_placement=PE-Backed; geo=New York; candidate=Chris Avore; owner=Eddie Lee; service=Retained,2024-03-14T00:00:00,PE-Backed,New York,Chris Avore,Eddie Lee,Retained
DoorDash,DoorDash - Dir Eng (Hired VP),Engineering,Director,2015,Placement,stage_at_placement=Series B; geo=Bay Area; candidate=Ding Zhou; owner=George Kaszacs; service=Retained,2015-06-16T00:00:00,Series B,Bay Area,Ding Zhou,George Kaszacs,Retained
DoorDash,DoorDash - VP Engineering,Engineering,VP,2017,Placement,stage_at_placement=Series E+; geo=Bay Area; candidate=Amritansh Raghav; owner=Ali Behnam; service=Retained,2017-07-31T00:00:00,Series E+,Bay Area,Amritansh Raghav,Ali Behnam,Retained
DoorDash,DoorDash - VP Engineering,Engineering,VP,2017,Placement,stage_at_placement=Series C; geo=Bay Area; candidate=Jeremy Rishel; owner=Ali Behnam; service=Retained,2017-07-31T00:00:00,Series C,Bay Area,Jeremy Rishel,Ali Behnam,Retained
DoorDash,DoorDash - VP Engineering,Engineering,VP,2017,Placement,stage_at_placement=Series E+; geo=Bay Area; candidate=Ryan Sokol; owner=Ali Behnam; service=Retained,2017-07-31T00:00:00,Series E+,Bay Area,Ryan Sokol,Ali Behnam,Retained
DoorDash,DoorDash - VP Product,Product Management,VP,2017,Placement,stage_at_placement=Series C; geo=Bay Area; candidate=Rajat Shroff; owner=Austin Brizendine; service=Retained,2017-10-23T00:00:00,Series C,Bay Area,Rajat Shroff,Austin Brizendine,Retained
DoorDash,"DoorDash - Dir Engineering, Merchant",Engineering,Director,2018,Placement,stage_at_placement=Series E+; geo=Bay Area; candidate=Shelton Mar; owner=Sandy Ma; service=Retained,2018-10-31T00:00:00,Series E+,Bay Area,Shelton Mar,Sandy Ma,Retained
DoorDash,DoorDash - Sr. Manager Engineering,Engineering,IC,2018,Placement,stage_at_placement=Series D; geo=Bay Area; candidate=Rohini Harendra; owner=Sandy Ma; service=Bluebird,2018-11-10T00:00:00,Series D,Bay Area,Rohini Harendra,Sandy Ma,Bluebird
DoorDash,DoorDash - Head of UX Research,Design/UX,Head,2019,Placement,stage_at_placement=Series E+; geo=Bay Area; candidate=Radhika Bhalla; owner=Christine Williams; service=Retained,2019-11-04T00:00:00,Series E+,Bay Area,Radhika Bhalla,Christine Williams,Retained
DoorDash,"DoorDash - Director of Analytics, New Categories",Data/ML/AI,Director,2021,Placement,stage_at_placement=Public; geo=Bay Area; candidate=David Feng; owner=Gino Morell; service=Retained,2021-07-07T00:00:00,Public,Bay Area,David Feng,Gino Morell,Retained
DoorDash,"DoorDash - Director of Analytics, Marketing",Data/ML/AI,Director,2021,Placement,stage_at_placement=Public; geo=Bay Area; candidate=Athena Dai; owner=Gino Morell; service=Retained,2021-07-09T00:00:00,Public,Bay Area,Athena Dai,Gino Morell,Retained
DoorDash,DoorDash - VP Engineering,Engineering,VP,2021,Placement,stage_at_placement=Public; geo=Bay Area; candidate=Liangxiao Zhu; owner=Sandy Ma; service=Retained,2021-11-23T00:00:00,Public,Bay Area,Liangxiao Zhu,Sandy Ma,Retained
DoorDash,"DoorDash - VP, Chief Information Security Officer",Information Security,CXO,2025,Placement,stage_at_placement=Public; geo=Bay Area; candidate=Suha Can; owner=Sean Cleary; service=Retained,2025-01-24T00:00:00,Public,Bay Area,Suha Can,Sean Cleary,Retained
Dropbox,Dropbox - VP Infrastructure,Engineering,VP,2015,Placement,stage_at_placement=Series C; geo=Bay Area; candidate=Akhil Gupta; owner=Sam Wholley; service=Retained,2015-07-13T00:00:00,Series C,Bay Area,Akhil Gupta,Sam Wholley,Retained
Dropbox,Dropbox - VP of Design,Design/UX,VP,2017,Placement,stage_at_placement=Series D; geo=Bay Area; candidate=Nicholas Jitkoff; owner=Dirk Cleveland; service=Retained,2017-01-20T00:00:00,Series D,Bay Area,Nicholas Jitkoff,Dirk Cleveland,Retained
Dropbox,Dropbox - SVP Engineering,Engineering,VP,2017,Placement,stage_at_placement=Series D; geo=Bay Area; candidate=Quentin Clark; owner=Ali Behnam; service=Retained,2017-07-27T00:00:00,Series D,Bay Area,Quentin Clark,Ali Behnam,Retained
Dropbox,Dropbox - VP Engineering,Engineering,VP,2017,Placement,stage_at_placement=Public; geo=Bay Area; candidate=Tony Lee; owner=Dirk Cleveland; service=Retained,2017-09-01T00:00:00,Public,Bay Area,Tony Lee,Dirk Cleveland,Retained
Dropbox,Dropbox - VP Product,Product Management,VP,2018,Placement,stage_at_placement=Public; geo=Bay Area; candidate=Adam Nash; owner=Austin Brizendine; service=Retained,2018-07-23T00:00:00,Public,Bay Area,Adam Nash,Austin Brizendine,Retained
Dropbox,"Dropbox - Director of Engineering, NYC",Engineering,Director,2019,Placement,stage_at_placement=Public; geo=New York; candidate=Kellan Elliott-McCrea; owner=Jodi Jefferson; service=Retained,2019-07-15T00:00:00,Public,New York,Kellan Elliott-McCrea,Jodi Jefferson,Retained
eBay,eBay - VP Design,Design/UX,VP,2018,Placement,stage_at_placement=Public; geo=Bay Area; candidate=Brian Kralyevich; owner=Dirk Cleveland; service=Retained,2018-11-22T00:00:00,Public,Bay Area,Brian Kralyevich,Dirk Cleveland,Retained
eBay,eBay - Director of Product (Chief of Staff),Product Management,Director,2020,Placement,stage_at_placement=Public; geo=Bay Area; candidate=Julie Appel; owner=Chris Rice; service=Bluebird,2020-11-18T00:00:00,Public,Bay Area,Julie Appel,Chris Rice,Bluebird
eBay,"eBay - Head of Product & Engineering, Motors",Engineering,Head,2020,Placement,stage_at_placement=Public; geo=Bay Area; candidate=Paul Stahacopoulos; owner=Chris Rice; service=Retained,2020-12-04T00:00:00,Public,Bay Area,Paul Stahacopoulos,Chris Rice,Retained
eBay,eBay - Distinguished MTS Architect,Engineering,Architect,2022,Placement,stage_at_placement=Public; geo=Bay Area; candidate=Ben Vesco; owner=Michael Tumasian; service=Retained,2022-09-26T00:00:00,Public,Bay Area,Ben Vesco,Michael Tumasian,Retained
Elastic,ElasticSearch - VP Engineering,Engineering,VP,2013,Placement,stage_at_placement=Series C; geo=Bay Area; candidate=Kevin Kluge; owner=Ali Behnam; service=Retained,2013-05-30T00:00:00,Series C,Bay Area,Kevin Kluge,Ali Behnam,Retained
Elastic,Elasticsearch - VP Product,Product Management,VP,2014,Placement,stage_at_placement=Series C; geo=Bay Area; candidate=Gaurav Gupta; owner=Dirk Cleveland; service=Retained,2014-03-31T00:00:00,Series C,Bay Area,Gaurav Gupta,Dirk Cleveland,Retained
Elastic,Elastic - Tech Lead/Chief Architect,Engineering,Architect,2021,Placement,stage_at_placement=Public; geo=Bay Area; candidate=Alexandros Batsakis; owner=Michael Tumasian; service=Retained,2021-08-22T00:00:00,Public,Bay Area,Alexandros Batsakis,Michael Tumasian,Retained
Elastic,Elastic - VP of Product Management,Product Management,VP,2022,Placement,stage_at_placement=Public; candidate=Alvin Richards; owner=Bobby Gormsen; service=Retained,2022-03-16T00:00:00,Public,,Alvin Richards,Bobby Gormsen,Retained
Elastic,Elastic - Distinguished Engineer II,Engineering,IC,2024,Placement,stage_at_placement=Public; geo=Bay Area; candidate=Dinesh Shahane; owner=Alesandra Pacheco; service=Retained,2024-07-17T00:00:00,Public,Bay Area,Dinesh Shahane,Alesandra Pacheco,Retained
Ellucian,Ellucian - VP Product,Product Management,VP,2015,Placement,stage_at_placement=Series E+; geo=Bay Area; candidate=Steve Chazin; owner=Kevin Buckby; service=Retained,2015-10-05T00:00:00,Series E+,Bay Area,Steve Chazin,Kevin Buckby,Retained
Ellucian,Ellucian - VP Product Management,Product Management,VP,2022,Placement,stage_at_placement=PE-Backed; geo=DC Metro; candidate=Becky Dias; owner=Matt Stravitz; service=Retained,2022-02-02T00:00:00,PE-Backed,DC Metro,Becky Dias,Matt Stravitz,Retained
Ellucian,Ellucian - CPO (as Chief Strategy and Development Officer),Product Management,CXO,2022,Placement,stage_at_placement=PE-Backed; geo=DC Metro; candidate=Jeff Dinski; owner=Eric Larson; service=Retained,2022-06-20T00:00:00,PE-Backed,DC Metro,Jeff Dinski,Eric Larson,Retained
Ellucian,Ellucian - SVP of Product,Product Management,VP,2023,Placement,stage_at_placement=PE-Backed; geo=Other East Coast; candidate=Justin Anovick; owner=Matt Stravitz; service=Retained,2023-11-29T00:00:00,PE-Backed,Other East Coast,Justin Anovick,Matt Stravitz,Retained
Eurowag,Eurowag - VP Product,Product Management,VP,2025,Placement,stage_at_placement=Public; geo=Europe; candidate=Adrian Pica; owner=Chloe Arumainayagam; service=Retained,2025-10-20T00:00:00,Public,Europe,Adrian Pica,Chloe Arumainayagam,Retained
Eurowag,Eurowag - SVP Product,Product Management,VP,2026,Placement,stage_at_placement=Public; geo=Europe; candidate=Rajesh Bysani; owner=Denis Foynes; service=Retained,2026-02-05T00:00:00,Public,Europe,Rajesh Bysani,Denis Foynes,Retained
Eurowag,Eurowag - SVP AI & Data,Data/ML/AI,VP,2026,Placement,stage_at_placement=Public; geo=Europe; candidate=Thor Deacon; owner=Denis Foynes; service=Retained,2026-03-02T00:00:00,Public,Europe,Thor Deacon,Denis Foynes,Retained
Eurowag,Eurowag - SVP Engineering,Engineering,VP,2026,Placement,stage_at_placement=Public; geo=Europe; candidate=Marta Montoliu; owner=Denis Foynes; service=Retained,2026-05-05T00:00:00,Public,Europe,Marta Montoliu,Denis Foynes,Retained
Eurowag,"Eurowag - VP Engineering, Toll (Bluebird)",Engineering,VP,2026,Placement,stage_at_placement=Public; geo=Europe; candidate=Viktor Bezdek; owner=Denis Foynes; service=Bluebird,2026-06-25T00:00:00,Public,Europe,Viktor Bezdek,Denis Foynes,Bluebird
Fastly,Fastly - SVP Engineering,Engineering,VP,2019,Placement,stage_at_placement=Public; geo=Bay Area; candidate=Nick Rockwell; owner=Eric Larson; service=Retained,2019-11-27T00:00:00,Public,Bay Area,Nick Rockwell,Eric Larson,Retained
Fastly,Fastly - Chief Product Officer,Product Management,CXO,2021,Placement,stage_at_placement=Public; geo=Bay Area; candidate=Lakshmi Sharma; owner=James Miller; service=Retained,2021-10-28T00:00:00,Public,Bay Area,Lakshmi Sharma,James Miller,Retained
Fastly,"Fastly - VP Product, Compute@Edge",Product Management,VP,2022,Placement,stage_at_placement=Public; geo=Bay Area; candidate=Monica Sharma; owner=John Termotto; service=Retained,2022-03-15T00:00:00,Public,Bay Area,Monica Sharma,John Termotto,Retained
Fastly,"Fastly - VP Product, Platform",Product Management,VP,2022,Placement,stage_at_placement=Public; geo=Bay Area; candidate=John Wang; owner=Todd Goldwater; service=Retained,2022-05-10T00:00:00,Public,Bay Area,John Wang,Todd Goldwater,Retained
Five Below,Five Below - VP of Engineering,Engineering,VP,2022,Placement,stage_at_placement=Public; candidate=Paul Johnson; owner=Dante Carpinito; service=Retained,2022-12-08T00:00:00,Public,,Paul Johnson,Dante Carpinito,Retained
Five Below,Five Below - EVP & CIO,Information Technology,CXO,2022,Placement,stage_at_placement=Public; geo=Philadelphia Metro; candidate=Amit Jhunjhunwala; owner=Dante Carpinito; service=Retained,2022-12-26T00:00:00,Public,Philadelphia Metro,Amit Jhunjhunwala,Dante Carpinito,Retained
Five Below,Five Below - VP of Product,Product Management,VP,2023,Placement,stage_at_placement=Public; geo=Philadelphia Metro; candidate=Josh Curtis; owner=Dante Carpinito; service=Retained,2023-04-18T00:00:00,Public,Philadelphia Metro,Josh Curtis,Dante Carpinito,Retained
Five9,Five9 - VP Engineering,Engineering,VP,2018,Placement,stage_at_placement=Public; geo=Bay Area; candidate=David Pickering; owner=Jason Hann; service=Retained,2018-11-19T00:00:00,Public,Bay Area,David Pickering,Jason Hann,Retained
Five9,Five9 - VP Product,Product Management,VP,2019,Placement,stage_at_placement=Public; geo=Bay Area; candidate=Anand Chandrasekaran; owner=Jason Hann; service=Retained,2019-05-23T00:00:00,Public,Bay Area,Anand Chandrasekaran,Jason Hann,Retained
Five9,Five9 - SVP of Cloud Ops,DevOps,VP,2021,Placement,stage_at_placement=Public; geo=Bay Area; candidate=Panos Kazanian; owner=Jason Hann; service=Retained,2021-01-15T00:00:00,Public,Bay Area,Panos Kazanian,Jason Hann,Retained
Flexera,Flexera - CTO,Product Management,CXO,2026,Placement,stage_at_placement=PE-Backed; geo=Chicago; candidate=Bob McCarter; owner=Steve Kasmouski; service=Retained,2026-03-04T00:00:00,PE-Backed,Chicago,Bob McCarter,Steve Kasmouski,Retained
Flexera,Flexera - VP of Product - Data Products,Product Management,VP,2026,Placement,stage_at_placement=PE-Backed; geo=Chicago; candidate=Avi Huber; owner=Steve Kasmouski; service=Retained,2026-06-28T00:00:00,PE-Backed,Chicago,Avi Huber,Steve Kasmouski,Retained
Flexera,Flexera - VPP of AI (Bluebird),Product Management,VP,2026,Placement,stage_at_placement=PE-Backed; candidate=Joe Watson; owner=Steve Kasmouski; service=Bluebird,2026-07-01T00:00:00,PE-Backed,,Joe Watson,Steve Kasmouski,Bluebird
GitHub,GitHub - VP Engineering,Engineering,VP,2017,Placement,stage_at_placement=Series B; geo=Bay Area; candidate=Jason Warner; owner=Ali Behnam; service=Retained,2017-05-16T00:00:00,Series B,Bay Area,Jason Warner,Ali Behnam,Retained
GitHub,Github - VPE Experience,Engineering,VP,2018,Placement,stage_at_placement=Public; geo=Bay Area; candidate=Dana Lawson; owner=Jason Hann; service=Retained,2018-11-26T00:00:00,Public,Bay Area,Dana Lawson,Jason Hann,Retained
GitHub,Github - VP IT,Information Technology,VP,2018,Placement,stage_at_placement=Public; geo=Bay Area; candidate=Philip Luedtke; owner=Dante Carpinito; service=Retained,2018-11-27T00:00:00,Public,Bay Area,Philip Luedtke,Dante Carpinito,Retained
GitHub,Github - Chief Product Officer,Product Management,CXO,2019,Placement,stage_at_placement=Public; geo=Bay Area; candidate=Shanku Niyogi; owner=Michael Morell; service=Retained,2019-01-21T00:00:00,Public,Bay Area,Shanku Niyogi,Michael Morell,Retained
GitHub,Github - VP of Ecosystems,Engineering,VP,2019,Placement,stage_at_placement=Public; geo=Bay Area; candidate=Sha Ma; owner=Jason Hann; service=Bluebird,2019-02-12T00:00:00,Public,Bay Area,Sha Ma,Jason Hann,Bluebird
GitHub,Github - VPE-Data,Engineering,VP,2019,Placement,stage_at_placement=Public; geo=Bay Area; candidate=Rachel Potvin; owner=Jason Hann; service=Retained,2019-11-11T00:00:00,Public,Bay Area,Rachel Potvin,Jason Hann,Retained
GitHub,GitHub - VP of IT,Information Technology,VP,2021,Placement,stage_at_placement=Public; geo=Bay Area; candidate=Philip Luedtke; owner=Dante Carpinito; service=Retained,2021-01-23T00:00:00,Public,Bay Area,Philip Luedtke,Dante Carpinito,Retained
GitHub,GitHub - CSO,Information Security,CXO,2021,Placement,stage_at_placement=Public; geo=Bay Area; candidate=Michael Hanley; owner=Jason Hann; service=Retained,2021-02-02T00:00:00,Public,Bay Area,Michael Hanley,Jason Hann,Retained
Google,Google - VP Engineering Security,Engineering,VP,2020,Placement,stage_at_placement=Public; geo=Bay Area; candidate=Brian Roddy; owner=Ali Behnam; service=Retained,2020-05-04T00:00:00,Public,Bay Area,Brian Roddy,Ali Behnam,Retained
Google,"Google - VP Engineering, Workspace Platform",Engineering,VP,2021,Placement,stage_at_placement=Public; geo=Bay Area; candidate=Philip Brittan; owner=Chris Rice; service=Retained,2021-05-27T00:00:00,Public,Bay Area,Philip Brittan,Chris Rice,Retained
Google,"Google - VP of Engineering, Video/Voice/Comms",Engineering,VP,2021,Placement,stage_at_placement=Public; geo=Bay Area; candidate=Ameesh Paleja; owner=Chris Rice; service=Retained,2021-07-23T00:00:00,Public,Bay Area,Ameesh Paleja,Chris Rice,Retained
Google,Google - VP Engineering (Core ML),Engineering,VP,2023,Placement,stage_at_placement=Public; geo=Bay Area; candidate=Bill Jia; owner=Michael Morell; service=Retained,2023-11-29T00:00:00,Public,Bay Area,Bill Jia,Michael Morell,Retained
Google,"Google - VP, Engineering Data (ML)",Engineering,VP,2023,Placement,stage_at_placement=Public; geo=Bay Area; candidate=Nima Khajehnouri; owner=Michael Morell; service=Retained,2023-12-07T00:00:00,Public,Bay Area,Nima Khajehnouri,Michael Morell,Retained
GoPro,GoPro - VP Engineering,Engineering,VP,2015,Placement,stage_at_placement=PE-Backed; geo=Bay Area; candidate=Joe Bentley; owner=Michael Morell; service=Retained,2015-01-27T00:00:00,PE-Backed,Bay Area,Joe Bentley,Michael Morell,Retained
GoPro,GoPro - VP Product,Product Management,VP,2015,Placement,stage_at_placement=PE-Backed; geo=Bay Area; candidate=Brent Ayrey; owner=Austin Brizendine; service=Retained,2015-03-20T00:00:00,PE-Backed,Bay Area,Brent Ayrey,Austin Brizendine,Retained
GoPro,GoPro - Sr Dir Engineering,Engineering,Director,2015,Placement,stage_at_placement=Public; geo=Bay Area; candidate=Cedric Fernandes; owner=Michael Morell; service=Retained,2015-07-09T00:00:00,Public,Bay Area,Cedric Fernandes,Michael Morell,Retained
GoPro,GoPro - Sr Director Mobile & Desktop Engineering,Engineering,Director,2016,Placement,stage_at_placement=Public; geo=Bay Area; candidate=Craig Symonds; owner=Matt Skiba; service=Retained,2016-08-03T00:00:00,Public,Bay Area,Craig Symonds,Matt Skiba,Retained
GoPro,GoPro - VP Product (Confidential),Product Management,VP,2016,Placement,stage_at_placement=Public; geo=Bay Area; candidate=Internal Candidate; owner=Austin Brizendine; service=Retained,2016-08-09T00:00:00,Public,Bay Area,Internal Candidate,Austin Brizendine,Retained
Grammarly,Grammarly - VP Engineering,Engineering,VP,2016,Placement,stage_at_placement=Private / Bootstrapped; geo=Bay Area; candidate=Pramod Thangali; owner=Dirk Cleveland; service=Retained,2016-08-15T00:00:00,Private / Bootstrapped,Bay Area,Pramod Thangali,Dirk Cleveland,Retained
Grammarly,Grammarly - Sr. Software Engineer,Engineering,IC,2017,Placement,stage_at_placement=Private / Bootstrapped; geo=Bay Area; candidate=Patrick Yamane; owner=Will Hunsinger; service=Contingency,2017-09-12T00:00:00,Private / Bootstrapped,Bay Area,Patrick Yamane,Will Hunsinger,Contingency
Grammarly,"Grammarly - Head of Product, Grammarly Business",Product Management,Head,2021,Placement,stage_at_placement=PE-Backed; geo=Bay Area; candidate=Vijay Ramachandran; owner=Gino Morell; service=Retained,2021-11-23T00:00:00,PE-Backed,Bay Area,Vijay Ramachandran,Gino Morell,Retained
Grammarly,Grammarly - Head of Data,Data/ML/AI,Head,2021,Placement,stage_at_placement=PE-Backed; geo=Bay Area; candidate=Quinn Ye; owner=Nelson Smith; service=Retained,2021-12-07T00:00:00,PE-Backed,Bay Area,Quinn Ye,Nelson Smith,Retained
Grammarly,Grammarly - Director of Growth Engineering (as Director of Engineering),Engineering,Director,2022,Placement,stage_at_placement=PE-Backed; geo=Bay Area; candidate=Nirmal Selvaraj; owner=Brandon Brown; service=Retained,2022-04-20T00:00:00,PE-Backed,Bay Area,Nirmal Selvaraj,Brandon Brown,Retained
Grammarly,Grammarly - Head of User Interface Architecture,Engineering,Architect,2022,Placement,stage_at_placement=PE-Backed; candidate=Rob Meyer; owner=Brandon Brown; service=Retained,2022-11-04T00:00:00,PE-Backed,,Rob Meyer,Brandon Brown,Retained
Groupon,"Groupon - Director, UX",Design/UX,Director,2011,Placement,stage_at_placement=Series E+; candidate=Ellen Beldner; owner=Dirk Cleveland; service=Retained,2011-05-25T00:00:00,Series E+,,Ellen Beldner,Dirk Cleveland,Retained
Groupon,Groupon - Sr. Backend Engineer,Engineering,Other,2011,Placement,candidate=Erik Weathers; owner=Rivi HQ; service=Contingency,2011-07-11T00:00:00,,,Erik Weathers,Rivi HQ,Contingency
Groupon,Groupon - Product Designer,Design/UX,Other,2011,Placement,candidate=Alex Faaborg; owner=Dirk Cleveland; service=Bluebird,2011-10-26T00:00:00,,,Alex Faaborg,Dirk Cleveland,Bluebird
Groupon,Groupon - VP Global Consumer Products,Product Management,VP,2012,Placement,stage_at_placement=Public; candidate=Curtis Lee; owner=Kelly Kinnard; service=Retained,2012-02-15T00:00:00,Public,,Curtis Lee,Kelly Kinnard,Retained
Groupon,Groupon - VP Design,Design/UX,VP,2012,Placement,stage_at_placement=Public; candidate=Peter Merholz; owner=Dirk Cleveland; service=Retained,2012-09-10T00:00:00,Public,,Peter Merholz,Dirk Cleveland,Retained
Groupon,"Groupon - Sr. Dir. Eng, Deal Targeting Platform",Engineering,Director,2013,Placement,stage_at_placement=Public; geo=Bay Area; candidate=Amber Roy Chowdhury; owner=Sam Wholley; service=Retained,2013-10-15T00:00:00,Public,Bay Area,Amber Roy Chowdhury,Sam Wholley,Retained
Groupon,"Groupon - Director, Data Science",Data/ML/AI,Other,2015,Placement,stage_at_placement=Public; geo=Bay Area; candidate=Alla Ivanova; owner=Cheryl Liew; service=Bluebird,2015-03-11T00:00:00,Public,Bay Area,Alla Ivanova,Cheryl Liew,Bluebird
Groupon,Groupon - VP Engineering,Engineering,VP,2015,Placement,stage_at_placement=Public; geo=Bay Area; candidate=Anmol Bhasin; owner=Cheryl Liew; service=Retained,2015-04-19T00:00:00,Public,Bay Area,Anmol Bhasin,Cheryl Liew,Retained
Groupon,Groupon - Global Head of BI,Data/ML/AI,Head,2015,Placement,stage_at_placement=Public; geo=Bay Area; candidate=Rene Haase; owner=Cheryl Liew; service=Retained,2015-06-03T00:00:00,Public,Bay Area,Rene Haase,Cheryl Liew,Retained
Groupon,Groupon - Breadcrumb - Sr. Director Engineering,Engineering,Director,2015,Placement,stage_at_placement=Public; geo=Bay Area; candidate=Mike DiCarlo; owner=George Kaszacs; service=Retained,2015-12-09T00:00:00,Public,Bay Area,Mike DiCarlo,George Kaszacs,Retained
Grubhub,Grubhub - CTO,Engineering,CXO,2014,Placement,stage_at_placement=Public; geo=Chicago; candidate=Brian Lanier; owner=Kevin Bijas; service=Retained,2014-09-04T00:00:00,Public,Chicago,Brian Lanier,Kevin Bijas,Retained
Grubhub,"Grubhub - Dir Eng, Delivery Systems",Engineering,Director,2017,Placement,stage_at_placement=Public; geo=Chicago; candidate=Darrell Pratt; owner=Eric Larson; service=Retained,2017-07-12T00:00:00,Public,Chicago,Darrell Pratt,Eric Larson,Retained
Grubhub,Grubhub - Sr. Director Data Engineering,Engineering,Director,2018,Placement,stage_at_placement=Public; geo=Chicago; candidate=Mukund Gopalan; owner=Sandy Ma; service=Retained,2018-04-13T00:00:00,Public,Chicago,Mukund Gopalan,Sandy Ma,Retained
Grubhub,Grubhub - VP Design,Design/UX,VP,2018,Placement,stage_at_placement=Public; geo=Chicago; candidate=Jacob Styburski; owner=Dirk Cleveland; service=Retained,2018-05-29T00:00:00,Public,Chicago,Jacob Styburski,Dirk Cleveland,Retained
Grubhub,"Grubhub - SRE Tech Lead, Diner",Engineering,IC,2018,Placement,stage_at_placement=Public; geo=New York; candidate=Eugene Ventimiglia; owner=Sandy Ma; service=Retained,2018-07-09T00:00:00,Public,New York,Eugene Ventimiglia,Sandy Ma,Retained
Grubhub,"Grubhub - Sr. SRE, Discovery Team",Engineering,Other,2018,Placement,stage_at_placement=Public; geo=New York; candidate=Andrew Blum; owner=Sandy Ma; service=Retained,2018-07-09T00:00:00,Public,New York,Andrew Blum,Sandy Ma,Retained
Grubhub,Grubhub - Director SRE,Engineering,Director,2018,Placement,stage_at_placement=Public; geo=Chicago; candidate=Charlie Schluting; owner=Gino Morell; service=Retained,2018-12-19T00:00:00,Public,Chicago,Charlie Schluting,Gino Morell,Retained
Grubhub,Grubhub - Director of Design,Design/UX,Director,2019,Placement,stage_at_placement=Public; geo=Chicago; candidate=Helen Lee; owner=Dirk Cleveland; service=Retained,2019-03-18T00:00:00,Public,Chicago,Helen Lee,Dirk Cleveland,Retained
Grubhub,Grubhub - VP Engineering (NY),Engineering,VP,2019,Placement,stage_at_placement=Public; geo=New York; candidate=Anand Iyer; owner=Will Potter; service=Retained,2019-07-02T00:00:00,Public,New York,Anand Iyer,Will Potter,Retained
Grubhub,"Grubhub - Director of Product, Diner",Product Management,Director,2019,Placement,stage_at_placement=Public; geo=New York; candidate=Blaine North; owner=Morgan Smith; service=Retained,2019-09-26T00:00:00,Public,New York,Blaine North,Morgan Smith,Retained
Grubhub,"Grubhub - Director of Product, Diner",Product Management,Director,2019,Placement,stage_at_placement=Public; geo=New York; candidate=Effie Wang; owner=Morgan Smith; service=Retained,2019-09-26T00:00:00,Public,New York,Effie Wang,Morgan Smith,Retained
Grubhub,"Grubhub - Director of Product, Logistics",Product Management,Director,2020,Placement,stage_at_placement=Public; geo=Chicago; candidate=Matheus Schmidt; owner=Jenna Zucker; service=Retained,2020-05-20T00:00:00,Public,Chicago,Matheus Schmidt,Jenna Zucker,Retained
HoodCPA's,Hood Accounting - CTO,Engineering,CXO,2024,Placement,stage_at_placement=PE-Backed; geo=SoCal; candidate=Patrick Danielewski; owner=Steve Kasmouski; service=Retained,2024-04-29T00:00:00,PE-Backed,SoCal,Patrick Danielewski,Steve Kasmouski,Retained
HoodCPA's,HoodCPA's - Sr. Director of IT Operations & Security,Information Technology,Director,2024,Placement,"stage_at_placement=PE-Backed; geo=SoCal; candidate=Josh Hunt, CISSP; owner=Steve Kasmouski; service=Bluebird",2024-05-14T00:00:00,PE-Backed,SoCal,"Josh Hunt, CISSP",Steve Kasmouski,Bluebird
HoodCPA's,HoodCPA's - VP of Technology,Information Technology,VP,2026,Placement,stage_at_placement=PE-Backed; geo=Other Midwest; candidate=Ayman Mohamed; owner=Steve Kasmouski; service=Retained,2026-07-14T00:00:00,PE-Backed,Other Midwest,Ayman Mohamed,Steve Kasmouski,Retained
HubSpot,Hubspot - CPO,Product Management,CXO,2021,Placement,stage_at_placement=Public; geo=Bay Area; candidate=Stephanie Cuthbertson; owner=Andrew Abramson; service=Retained,2021-07-22T00:00:00,Public,Bay Area,Stephanie Cuthbertson,Andrew Abramson,Retained
HubSpot,"HubSpot - SVP, Platform & Ecosystem",Product Management,VP,2022,Placement,stage_at_placement=Public; geo=Boston; candidate=Karen Ng; owner=Andrew Abramson; service=Retained,2022-08-08T00:00:00,Public,Boston,Karen Ng,Andrew Abramson,Retained
HubSpot,"HubSpot - Executive Vice President, Design",Design/UX,VP,2022,Placement,stage_at_placement=Public; geo=Boston; candidate=Mike Holzer; owner=Mike Lee; service=Retained,2022-08-25T00:00:00,Public,Boston,Mike Holzer,Mike Lee,Retained
Hulu,Hulu - CTO,Engineering,CXO,2014,Placement,stage_at_placement=PE-Backed; geo=SoCal; candidate=Tian Lim; owner=Eric Larson; service=Retained,2014-01-28T00:00:00,PE-Backed,SoCal,Tian Lim,Eric Larson,Retained
Hulu,Hulu - Head of Product (SVP of Experience),Product Management,Head,2015,Placement,stage_at_placement=PE-Backed; geo=SoCal; candidate=Ben Smith; owner=Eric Larson; service=Retained,2015-08-22T00:00:00,PE-Backed,SoCal,Ben Smith,Eric Larson,Retained
Hulu,Hulu - VP Product Management,Product Management,VP,2016,Placement,stage_at_placement=Private / Bootstrapped; geo=SoCal; candidate=Richard Irving; owner=Eric Larson; service=Retained,2016-05-25T00:00:00,Private / Bootstrapped,SoCal,Richard Irving,Eric Larson,Retained
Hulu,Hulu - Director of Product Management- Growth,Product Management,Director,2016,Placement,stage_at_placement=PE-Backed; geo=SoCal; candidate=Charles Pham; owner=Eric Larson; service=Retained,2016-07-15T00:00:00,PE-Backed,SoCal,Charles Pham,Eric Larson,Retained
Hulu,Hulu - Head of Advanced Analytics,Data/ML/AI,Head,2016,Placement,stage_at_placement=Private / Bootstrapped; geo=SoCal; candidate=Soumya Datta; owner=Eric Larson; service=Retained,2016-10-06T00:00:00,Private / Bootstrapped,SoCal,Soumya Datta,Eric Larson,Retained
Hulu,Hulu - Head of Advanced Analytics,Data/ML/AI,Head,2016,Placement,stage_at_placement=PE-Backed; geo=SoCal; candidate=Irfan Ranmal; owner=Eric Larson; service=Retained,2016-10-06T00:00:00,PE-Backed,SoCal,Irfan Ranmal,Eric Larson,Retained
Hulu,Hulu - Director of Information Security,Information Security,Director,2016,Placement,stage_at_placement=Private / Bootstrapped; geo=SoCal; candidate=Emilio Escobar; owner=Eric Larson; service=Retained,2016-10-25T00:00:00,Private / Bootstrapped,SoCal,Emilio Escobar,Eric Larson,Retained
Hulu,Hulu - Director of Product Management - Personalization and Content Discovery,Product Management,Director,2016,Placement,stage_at_placement=Private / Bootstrapped; geo=SoCal; candidate=Tom Langan; owner=Eric Larson; service=Retained,2016-11-28T00:00:00,Private / Bootstrapped,SoCal,Tom Langan,Eric Larson,Retained
Hulu,Hulu - CTO,Engineering,CXO,2018,Placement,stage_at_placement=Private / Bootstrapped; geo=SoCal; candidate=Dan Phillips; owner=Eric Larson; service=Retained,2018-05-08T00:00:00,Private / Bootstrapped,SoCal,Dan Phillips,Eric Larson,Retained
Hulu,Hulu - VP Advertising Technology,Engineering,VP,2018,Placement,stage_at_placement=Private / Bootstrapped; geo=SoCal; candidate=Jeremy Helfand; owner=Eric Larson; service=Retained,2018-06-04T00:00:00,Private / Bootstrapped,SoCal,Jeremy Helfand,Eric Larson,Retained
Hulu,Hulu - SVP/Head of Engineering,Engineering,Head,2018,Placement,stage_at_placement=Private / Bootstrapped; geo=SoCal; candidate=Joe Bentley; owner=Eric Larson; service=Retained,2018-07-31T00:00:00,Private / Bootstrapped,SoCal,Joe Bentley,Eric Larson,Retained
Hulu,Hulu - VP Architecture,Engineering,Architect,2019,Placement,stage_at_placement=Private / Bootstrapped; geo=SoCal; candidate=Gert Drapers; owner=Eric Larson; service=Retained,2019-07-15T00:00:00,Private / Bootstrapped,SoCal,Gert Drapers,Eric Larson,Retained
Hulu,"Hulu - Vice President, Software Development",Engineering,VP,2020,Placement,stage_at_placement=Private / Bootstrapped; geo=SoCal; candidate=Joshua Couch; owner=Eric Larson; service=Retained,2020-06-16T00:00:00,Private / Bootstrapped,SoCal,Joshua Couch,Eric Larson,Retained
Hyland,Hyland - Sr. VP of Product Management,Product Management,VP,2026,Placement,stage_at_placement=PE-Backed; geo=Bay Area; candidate=Vinitha Ramnathan; owner=Adam Charlson; service=Retained,2026-03-27T00:00:00,PE-Backed,Bay Area,Vinitha Ramnathan,Adam Charlson,Retained
Hyland,Hyland - Chief Information Security Officer,Information Security,CXO,2026,Placement,stage_at_placement=PE-Backed; geo=Ohio; candidate=Martin Rues; owner=Andrea Vahosky; service=Retained,2026-05-20T00:00:00,PE-Backed,Ohio,Martin Rues,Andrea Vahosky,Retained
Hyland,"Hyland - Vice President, Sales-LATAM",Sales,VP,2026,Placement,stage_at_placement=PE-Backed; geo=Ohio; candidate=Will Pimentel; owner=Adam Charlson; service=Retained,2026-06-24T00:00:00,PE-Backed,Ohio,Will Pimentel,Adam Charlson,Retained
Independence Pet Holdings,"Independence Pet Holdings - Chief Data Officer, Stealth Venture",Data/ML/AI,CXO,2025,Placement,stage_at_placement=PE-Backed; geo=New York; candidate=Craig White; owner=Ryan Polich; service=Retained,2025-03-01T00:00:00,PE-Backed,New York,Craig White,Ryan Polich,Retained
Independence Pet Holdings,"Independence Pet Holdings - VP Product, Clarus Technology",Product Management,VP,2025,Placement,stage_at_placement=PE-Backed; geo=Other East Coast; candidate=Andrew Hellard; owner=Ryan Polich; service=Retained,2025-06-18T00:00:00,PE-Backed,Other East Coast,Andrew Hellard,Ryan Polich,Retained
Independence Pet Holdings,"Independence Pet Holdings - Senior Director Data Analytics, Clarus (Confidential)",Data/ML/AI,Director,2025,Placement,stage_at_placement=PE-Backed; geo=Boston; candidate=Harshita Ruymann; owner=Ryan Polich; service=Retained,2025-09-30T00:00:00,PE-Backed,Boston,Harshita Ruymann,Ryan Polich,Retained
Infoblox,Infoblox - CPO (Confidential),Product Management,CXO,2023,Placement,stage_at_placement=PE-Backed; geo=Bay Area; candidate=Mukesh Gupta; owner=Eddie Lee; service=Retained,2023-07-24T00:00:00,PE-Backed,Bay Area,Mukesh Gupta,Eddie Lee,Retained
Infoblox,Infoblox - SVP Product,Product Management,VP,2026,Placement,stage_at_placement=PE-Backed; geo=Bay Area; candidate=Matthew Landry; owner=Ryan Brogan; service=Retained,2026-01-16T00:00:00,PE-Backed,Bay Area,Matthew Landry,Ryan Brogan,Retained
Infoblox,Infoblox - SVP Engineering,Engineering,VP,2026,Placement,stage_at_placement=PE-Backed; geo=Bay Area; candidate=Philippe Ciampossin; owner=Ryan Brogan; service=Retained,2026-02-05T00:00:00,PE-Backed,Bay Area,Philippe Ciampossin,Ryan Brogan,Retained
Infoblox,Infoblox - CISO,Information Security,CXO,2026,Placement,stage_at_placement=PE-Backed; geo=Bay Area; candidate=Henrik Smith; owner=Matt Stravitz; service=Retained,2026-05-14T00:00:00,PE-Backed,Bay Area,Henrik Smith,Matt Stravitz,Retained
Infoblox,"Infoblox - VP Product, Monetization",Product Management,VP,2026,Placement,stage_at_placement=PE-Backed; geo=Bay Area; candidate=William Mahler; owner=Ryan Brogan; service=Retained,2026-06-18T00:00:00,PE-Backed,Bay Area,William Mahler,Ryan Brogan,Retained
InformData,InformData - CPO,Product Management,CXO,2022,Placement,stage_at_placement=PE-Backed; candidate=Greg Jones; owner=Steve Kasmouski; service=Retained,2022-10-13T00:00:00,PE-Backed,,Greg Jones,Steve Kasmouski,Retained
InformData,InformData - CRO,Sales,CXO,2024,Placement,stage_at_placement=PE-Backed; geo=Atlanta Metro; candidate=Jeff Anop; owner=Steve Kasmouski; service=Retained,2024-06-19T00:00:00,PE-Backed,Atlanta Metro,Jeff Anop,Steve Kasmouski,Retained
InformData,InformData - Senior Product Manager,Product Management,IC,2024,Placement,stage_at_placement=PE-Backed; geo=Atlanta Metro; candidate=Christina Tattory; owner=Steve Kasmouski; service=Retained,2024-09-16T00:00:00,PE-Backed,Atlanta Metro,Christina Tattory,Steve Kasmouski,Retained
InMarket,inMarket - CTO,Engineering,CXO,2015,Placement,stage_at_placement=Series A; geo=SoCal; candidate=Robbie Brackett; owner=Eric Larson; service=Retained,2015-04-22T00:00:00,Series A,SoCal,Robbie Brackett,Eric Larson,Retained
InMarket,InMarket Media - CPO,Product Management,CXO,2022,Placement,stage_at_placement=PE-Backed; candidate=Joshua Koran; owner=Matt Stravitz; service=Retained,2022-12-12T00:00:00,PE-Backed,,Joshua Koran,Matt Stravitz,Retained
InMarket,"InMarket Media - VP Product, Mobile Apps",Product Management,VP,2023,Placement,stage_at_placement=PE-Backed; geo=SoCal; candidate=Mark Prondzinsky; owner=Matt Stravitz; service=Retained,2023-07-10T00:00:00,PE-Backed,SoCal,Mark Prondzinsky,Matt Stravitz,Retained
InMarket,InMarket Media - GM Programmatic,General Management,GM,2024,Placement,stage_at_placement=PE-Backed; geo=SoCal; candidate=Mark D'Andrea; owner=Matt Stravitz; service=Retained,2024-05-06T00:00:00,PE-Backed,SoCal,Mark D'Andrea,Matt Stravitz,Retained
Inseego,Inseego - VP Engineering,Engineering,VP,2025,Placement,stage_at_placement=Public; geo=SoCal; candidate=Neha Bhargava; owner=Sam Wilkins; service=Retained,2025-09-18T00:00:00,Public,SoCal,Neha Bhargava,Sam Wilkins,Retained
Inseego,Inseego - Vice President of Product Management & Business Development,General Management,VP,2025,Placement,stage_at_placement=Public; geo=Bay Area; candidate=Avia Dadon; owner=Sam Wilkins; service=Retained,2025-10-03T00:00:00,Public,Bay Area,Avia Dadon,Sam Wilkins,Retained
Inseego,Inseego - Confidential Search,Product Management,Other,2026,Placement,stage_at_placement=PE-Backed; geo=SoCal; candidate=Koroush Saraf; owner=Sam Wilkins; service=Retained,2026-03-27T00:00:00,PE-Backed,SoCal,Koroush Saraf,Sam Wilkins,Retained
Insightsoftware,"Insightsoftware - VP of Engineering, Lease",Engineering,VP,2026,Placement,stage_at_placement=PE-Backed; geo=Other East Coast; candidate=Steve Picciano; owner=Hugh Curran; service=Retained,2026-04-09T00:00:00,PE-Backed,Other East Coast,Steve Picciano,Hugh Curran,Retained
Insightsoftware,"Insightsoftware - VP of Engineering, EPM",Engineering,VP,2026,Placement,stage_at_placement=PE-Backed; geo=Other East Coast; candidate=Paxton Lamons; owner=Hugh Curran; service=Retained,2026-04-13T00:00:00,PE-Backed,Other East Coast,Paxton Lamons,Hugh Curran,Retained
Insightsoftware,InsightSoftware - CPO,Product Management,CXO,2026,Placement,stage_at_placement=PE-Backed; geo=Other East Coast; candidate=Jess Keeney; owner=Hugh Curran; service=Retained,2026-05-19T00:00:00,PE-Backed,Other East Coast,Jess Keeney,Hugh Curran,Retained
Insightsoftware,"Insightsoftware - VP of Product, Data & Analytics",Product Management,VP,2026,Placement,stage_at_placement=PE-Backed; geo=Seattle; candidate=Alison Huselid; owner=Hugh Curran; service=Retained,2026-06-03T00:00:00,PE-Backed,Seattle,Alison Huselid,Hugh Curran,Retained
Lantern,EDHC - VP Product,Product Management,VP,2021,Placement,"stage_at_placement=PE-Backed; candidate=Derrick Pena, Mba; owner=Eóin O'Toole; service=Retained",2021-12-06T00:00:00,PE-Backed,,"Derrick Pena, Mba",Eóin O'Toole,Retained
Lantern,EDHC - Head of Strategy,Product Management,Head,2022,Placement,stage_at_placement=PE-Backed; candidate=Benjamin Sanders; owner=Eóin O'Toole; service=Retained,2022-03-11T00:00:00,PE-Backed,,Benjamin Sanders,Eóin O'Toole,Retained
Lantern,Lantern - CTO,Engineering,CXO,2025,Placement,stage_at_placement=PE-Backed; geo=Other Texas; candidate=Falko Buttler; owner=Rick Harris; service=Retained,2025-03-04T00:00:00,PE-Backed,Other Texas,Falko Buttler,Rick Harris,Retained
Life360,Life360 - Head of Customer Success,Customer Service,Other,2013,Placement,stage_at_placement=Series B; geo=Bay Area; candidate=Neal Barber; owner=Rivi HQ; service=Contingency,2013-11-26T00:00:00,Series B,Bay Area,Neal Barber,Rivi HQ,Contingency
Life360,Life360 - VP Engineering,Engineering,VP,2014,Placement,stage_at_placement=Series D; geo=Bay Area; candidate=Virendra Vase; owner=Michael Morell; service=Retained,2014-05-30T00:00:00,Series D,Bay Area,Virendra Vase,Michael Morell,Retained
Life360,Life360 - Infrastructure,Engineering,Other,2014,Placement,stage_at_placement=Series C; geo=Bay Area; candidate=Justin Poole; owner=Rivi HQ; service=Contingency,2014-06-23T00:00:00,Series C,Bay Area,Justin Poole,Rivi HQ,Contingency
Life360,Life360 - Head of Customer Success,Customer Service,Other,2015,Placement,geo=Bay Area; candidate=Michelle Dysangco; owner=Rivi HQ; service=Contingency,2015-01-21T00:00:00,,Bay Area,Michelle Dysangco,Rivi HQ,Contingency
Life360,Life360 - Head of Mobile Engineering,Engineering,Head,2015,Placement,stage_at_placement=Series C; geo=Bay Area; candidate=Amol Kher; owner=Rivi HQ; service=Retained,2015-04-22T00:00:00,Series C,Bay Area,Amol Kher,Rivi HQ,Retained
Life360,"Life360 - Director, Mobile Engineering (as Head of Mobile Eng)",Engineering,Director,2018,Placement,stage_at_placement=Series D; geo=Bay Area; candidate=Paul Robinson; owner=Gino Morell; service=Retained,2018-04-04T00:00:00,Series D,Bay Area,Paul Robinson,Gino Morell,Retained
Life360,"Life360 - Director, Backend Engineering",Engineering,Director,2019,Placement,stage_at_placement=Series D; geo=Bay Area; candidate=Rajeev Dujari; owner=Gino Morell; service=Retained,2019-01-15T00:00:00,Series D,Bay Area,Rajeev Dujari,Gino Morell,Retained
Life360,Life360 - CTO,Engineering,CXO,2019,Placement,stage_at_placement=Series D; geo=Bay Area; candidate=Samir Kapoor; owner=Michael Morell; service=Retained,2019-09-03T00:00:00,Series D,Bay Area,Samir Kapoor,Michael Morell,Retained
Life360,Life360 - Director of Test,Engineering,Director,2020,Placement,stage_at_placement=Public; geo=Bay Area; candidate=Anne Dawson; owner=Gino Morell; service=Retained,2020-02-26T00:00:00,Public,Bay Area,Anne Dawson,Gino Morell,Retained
Life360,Life360 - VP Data (as Head of Data),Data/ML/AI,VP,2020,Placement,stage_at_placement=Public; geo=Bay Area; candidate=Eric Gookins; owner=Gino Morell; service=Retained,2020-03-26T00:00:00,Public,Bay Area,Eric Gookins,Gino Morell,Retained
Life360,Life360 - CPO,Product Management,CXO,2020,Placement,stage_at_placement=Public; geo=Bay Area; candidate=Jonathan Benassaya; owner=Andrew Abramson; service=Retained,2020-06-27T00:00:00,Public,Bay Area,Jonathan Benassaya,Andrew Abramson,Retained
Life360,Life360 - Director of Product Analytics,Product Management,Director,2021,Placement,stage_at_placement=Public; geo=Bay Area; candidate=Nick Goffeney; owner=Michael Tumasian; service=Retained,2021-02-23T00:00:00,Public,Bay Area,Nick Goffeney,Michael Tumasian,Retained
Life360,"Life360 - Director, Product (Growth)(as VP Product)",Product Management,VP,2021,Placement,stage_at_placement=Public; geo=Bay Area; candidate=Corey Bozarth; owner=Austin Douglas; service=Retained,2021-03-05T00:00:00,Public,Bay Area,Corey Bozarth,Austin Douglas,Retained
Life360,"Life360 - VP, Cloud Engineering and Operations (as VP Engineering, Platform and Infrastructure)",Engineering,VP,2021,Placement,stage_at_placement=Public; geo=Bay Area; candidate=Martyn Taylor; owner=George Kaszacs; service=Retained,2021-09-21T00:00:00,Public,Bay Area,Martyn Taylor,George Kaszacs,Retained
LinkedIn,LinkedIn - VP Engineering,Engineering,VP,2008,Placement,owner=Finance Operations; service=Retained,2008-08-25T00:00:00,,,,Finance Operations,Retained
LinkedIn,LinkedIn - VP of Data Infrastructure,Engineering,VP,2025,Placement,stage_at_placement=Public; geo=Bay Area; candidate=Vikram Makhija; owner=James Miller; service=Retained,2025-04-08T00:00:00,Public,Bay Area,Vikram Makhija,James Miller,Retained
LinkedIn,"LinkedIn - VP, GM of Growth",Product Management,VP,2025,Placement,stage_at_placement=Public; geo=Bay Area; candidate=Darius Contractor; owner=Greg Sherman; service=Retained,2025-12-02T00:00:00,Public,Bay Area,Darius Contractor,Greg Sherman,Retained
LinkedIn,LinkedIn - CPO,Product Management,CXO,2026,Placement,stage_at_placement=Public; geo=Bay Area; candidate=Anthony Chavez; owner=Greg Sherman; service=Retained,2026-05-04T00:00:00,Public,Bay Area,Anthony Chavez,Greg Sherman,Retained
LogicMonitor,Logicmonitor - CPO,Product Management,CXO,2022,Placement,stage_at_placement=PE-Backed; geo=Bay Area; candidate=Taggart Matthiesen; owner=Bobby Gormsen; service=Retained,2022-11-23T00:00:00,PE-Backed,Bay Area,Taggart Matthiesen,Bobby Gormsen,Retained
LogicMonitor,LogicMonitor - CISO,Information Security,CXO,2023,Placement,stage_at_placement=PE-Backed; geo=Bay Area; candidate=Adam Healy; owner=Bobby Gormsen; service=Retained,2023-03-31T00:00:00,PE-Backed,Bay Area,Adam Healy,Bobby Gormsen,Retained
LogicMonitor,LogicMonitor - CISO,Information Security,CXO,2023,Placement,stage_at_placement=PE-Backed; geo=Bay Area; candidate=Johnathan Hunt; owner=Bobby Gormsen; service=Retained,2023-03-31T00:00:00,PE-Backed,Bay Area,Johnathan Hunt,Bobby Gormsen,Retained
LogicMonitor,LogicMonitor - CTO,Engineering,CXO,2026,Placement,stage_at_placement=PE-Backed; geo=Bay Area; candidate=Prabhu Nakkeeran; owner=Amie Ernst; service=Retained,2026-06-03T00:00:00,PE-Backed,Bay Area,Prabhu Nakkeeran,Amie Ernst,Retained
Lytx,Lytx - CPO,Product Management,CXO,2024,Placement,stage_at_placement=PE-Backed; geo=SoCal; candidate=Angus Norton; owner=Eddie Lee; service=Retained,2024-01-09T00:00:00,PE-Backed,SoCal,Angus Norton,Eddie Lee,Retained
Lytx,Lytx - SVP Technology,Engineering,VP,2024,Placement,stage_at_placement=PE-Backed; geo=SoCal; candidate=Scott Loebig; owner=Steve Kasmouski; service=Retained,2024-04-04T00:00:00,PE-Backed,SoCal,Scott Loebig,Steve Kasmouski,Retained
Lytx,Lytx - SVP Product,Product Management,VP,2024,Placement,stage_at_placement=PE-Backed; geo=SoCal; candidate=Brendon Hill; owner=Eddie Lee; service=Retained,2024-11-20T00:00:00,PE-Backed,SoCal,Brendon Hill,Eddie Lee,Retained
Lytx,Lytx - Senior Director of AI,Engineering,VP,2026,Placement,stage_at_placement=PE-Backed; geo=SoCal; candidate=Radhakrishna Hiremane; owner=Steve Kasmouski; service=Retained,2026-06-25T00:00:00,PE-Backed,SoCal,Radhakrishna Hiremane,Steve Kasmouski,Retained
McAfee,McAfee - VP Consumer Architecture,Engineering,Architect,2021,Placement,stage_at_placement=Public; geo=Bay Area; candidate=Mahesh Tyagarajan; owner=Chris Rice; service=Retained,2021-01-07T00:00:00,Public,Bay Area,Mahesh Tyagarajan,Chris Rice,Retained
McAfee,McAfee - VP Data Science & Data Engineering,Data/ML/AI,VP,2021,Placement,stage_at_placement=Public; geo=Bay Area; candidate=Stasia Zamyshlyaeva; owner=Chris Rice; service=Bluebird,2021-01-22T00:00:00,Public,Bay Area,Stasia Zamyshlyaeva,Chris Rice,Bluebird
McAfee,McAfee - EVP Tech (CTO),Engineering,VP,2024,Placement,stage_at_placement=PE-Backed; geo=Bay Area; candidate=Joe Manna; owner=Matt Stravitz; service=Retained,2024-11-14T00:00:00,PE-Backed,Bay Area,Joe Manna,Matt Stravitz,Retained
McAfee,McAfee - Sr Director of Engineering (Martech),Engineering,Director,2025,Placement,stage_at_placement=PE-Backed; geo=Bay Area; candidate=Harpal Singh; owner=Matt Stravitz; service=Retained,2025-05-18T00:00:00,PE-Backed,Bay Area,Harpal Singh,Matt Stravitz,Retained
McAfee,McAfee - VP of Engineering,Engineering,VP,2025,Placement,stage_at_placement=PE-Backed; geo=Bay Area; candidate=Omer Ansari; owner=Matt Stravitz; service=Retained,2025-05-23T00:00:00,PE-Backed,Bay Area,Omer Ansari,Matt Stravitz,Retained
McAfee,McAfee - VP Product,Product Management,VP,2026,Placement,stage_at_placement=PE-Backed; geo=Bay Area; candidate=John Ericksen; owner=Matt Stravitz; service=Retained,2026-02-24T00:00:00,PE-Backed,Bay Area,John Ericksen,Matt Stravitz,Retained
McAfee,McAfee - Confidential VP Infrastructure,Engineering,VP,2026,Placement,stage_at_placement=PE-Backed; geo=Bay Area; candidate=Girish Byraiah; owner=James Miller; service=Retained,2026-04-01T00:00:00,PE-Backed,Bay Area,Girish Byraiah,James Miller,Retained
McAfee,"McAfee - Vice President, Business Technology & Operations Transformation",Information Technology,Other,2026,Placement,stage_at_placement=PE-Backed; geo=Other Texas; candidate=Brad Cline; owner=Erik Blumberg; service=Retained,2026-04-09T00:00:00,PE-Backed,Other Texas,Brad Cline,Erik Blumberg,Retained
McAfee,McAfee - Sr. Director of Engineering (Checkout),Engineering,Director,2026,Placement,stage_at_placement=PE-Backed; geo=Other Texas; candidate=Satya Cinthakuntla; owner=Erik Blumberg; service=Retained,2026-05-25T00:00:00,PE-Backed,Other Texas,Satya Cinthakuntla,Erik Blumberg,Retained
McAfee,McAfee - Director of Fraud/Risk,Finance,Director,2026,Placement,stage_at_placement=PE-Backed; geo=Other Texas; candidate=Taylor Kemper; owner=Tom Dunn; service=Retained,2026-06-04T00:00:00,PE-Backed,Other Texas,Taylor Kemper,Tom Dunn,Retained
Merative,"Merative - Vice President, Technology Product Management - Truven",Product Management,VP,2025,Placement,stage_at_placement=PE-Backed; geo=Michigan; candidate=Jason Williams; owner=Megan Sleeper; service=Retained,2025-07-01T00:00:00,PE-Backed,Michigan,Jason Williams,Megan Sleeper,Retained
Merative,"Merative - Vice President of Product Management, Merge",Product Management,VP,2026,Placement,stage_at_placement=PE-Backed; geo=Chicago; candidate=Andrei Gonzales; owner=Megan Sleeper; service=Retained,2026-05-20T00:00:00,PE-Backed,Chicago,Andrei Gonzales,Megan Sleeper,Retained
Merative,"Merative - Vice President of Product Management, Merge",Product Management,VP,2026,Placement,stage_at_placement=PE-Backed; geo=Chicago; candidate=Laurie Bergeron; owner=Megan Sleeper; service=Retained,2026-05-20T00:00:00,PE-Backed,Chicago,Laurie Bergeron,Megan Sleeper,Retained
Model N,Model N - VP of Marketing,Marketing,VP,2012,Placement,stage_at_placement=PE-Backed; candidate=Ken Pulverman; owner=Kevin Buckby; service=Retained,2012-10-04T00:00:00,PE-Backed,,Ken Pulverman,Kevin Buckby,Retained
Model N,Model N - SVP Product Management,Product Management,VP,2017,Placement,stage_at_placement=Public; geo=Bay Area; candidate=Neeraj Gokhale; owner=Iain Grant; service=Retained,2017-08-04T00:00:00,Public,Bay Area,Neeraj Gokhale,Iain Grant,Retained
Model N,Model N - VPP - Life Sciences,Product Management,VP,2018,Placement,stage_at_placement=Public; geo=Bay Area; candidate=Jason Wreath; owner=Iain Grant; service=Retained,2018-08-07T00:00:00,Public,Bay Area,Jason Wreath,Iain Grant,Retained
Model N,Model N - VPP - Life Sciences,Product Management,VP,2018,Placement,stage_at_placement=Public; geo=Bay Area; candidate=Pinaki Ray; owner=Iain Grant; service=Retained,2018-08-07T00:00:00,Public,Bay Area,Pinaki Ray,Iain Grant,Retained
Model N,Model N - VP Cloud Ops,Information Technology,VP,2018,Placement,stage_at_placement=Public; geo=Bay Area; candidate=Raghavan Krishnan; owner=Dante Carpinito; service=Retained,2018-08-24T00:00:00,Public,Bay Area,Raghavan Krishnan,Dante Carpinito,Retained
Model N,Model N - VP Cloud Ops,Information Technology,VP,2018,Placement,stage_at_placement=Public; geo=Bay Area; candidate=Igor Polovinchik; owner=Dante Carpinito; service=Retained,2018-08-24T00:00:00,Public,Bay Area,Igor Polovinchik,Dante Carpinito,Retained
Move,Move Inc. - CPO,Product Management,CXO,2015,Placement,stage_at_placement=Public; geo=Bay Area; candidate=Tapan Bhat; owner=Michael Morell; service=Retained,2015-03-16T00:00:00,Public,Bay Area,Tapan Bhat,Michael Morell,Retained
Move,Move Inc.- CTO,Engineering,CXO,2015,Placement,stage_at_placement=Public; geo=Bay Area; candidate=Suhail Ansari; owner=Michael Morell; service=Retained,2015-10-14T00:00:00,Public,Bay Area,Suhail Ansari,Michael Morell,Retained
Move,Move - SVP/VP Consumer Product,Product Management,VP,2017,Placement,stage_at_placement=Public; geo=Bay Area; candidate=Deepak Thakral; owner=Michael Morell; service=Retained,2017-10-09T00:00:00,Public,Bay Area,Deepak Thakral,Michael Morell,Retained
Move,Move - VP Design,Design/UX,VP,2018,Placement,stage_at_placement=Public; geo=Bay Area; candidate=Stephen Grove; owner=Dirk Cleveland; service=Retained,2018-01-19T00:00:00,Public,Bay Area,Stephen Grove,Dirk Cleveland,Retained
NetDocuments,NetDocuments - CTO,Engineering,CXO,2022,Placement,stage_at_placement=PE-Backed; candidate=John Motz; owner=Justin Cottrell; service=Retained,2022-09-30T00:00:00,PE-Backed,,John Motz,Justin Cottrell,Retained
NetDocuments,NetDocuments - Sr. Director of Engineering,Engineering,Director,2023,Placement,stage_at_placement=PE-Backed; geo=Utah; candidate=Chris DeWitt; owner=Justin Cottrell; service=Retained,2023-11-27T00:00:00,PE-Backed,Utah,Chris DeWitt,Justin Cottrell,Retained
NetDocuments,NetDocuments - SVP Systems & Business Applications,Information Technology,VP,2024,Placement,stage_at_placement=PE-Backed; geo=Other Southwest; candidate=Behshad Beheshti; owner=Justin Cottrell; service=Retained,2024-05-01T00:00:00,PE-Backed,Other Southwest,Behshad Beheshti,Justin Cottrell,Retained
NetDocuments,NetDocuments - VP Product Marketing,Marketing,VP,2026,Placement,stage_at_placement=PE-Backed; geo=Utah; candidate=Manish Rai; owner=Justin Cottrell; service=Retained,2026-02-10T00:00:00,PE-Backed,Utah,Manish Rai,Justin Cottrell,Retained
Nielsen,"Nielsen - SVP Product, Programmatic (Contextual and Audience Based) (Confidential)",Product Management,VP,2025,Placement,stage_at_placement=PE-Backed; geo=New York; candidate=Anuradha Kare; owner=Megan Sleeper; service=Retained,2025-06-03T00:00:00,PE-Backed,New York,Anuradha Kare,Megan Sleeper,Retained
Nielsen,"Nielsen - SVP Product, Measurement (Commerce Media)",Product Management,VP,2025,Placement,stage_at_placement=PE-Backed; geo=New York; candidate=Prema Sampath; owner=Megan Sleeper; service=Retained,2025-07-11T00:00:00,PE-Backed,New York,Prema Sampath,Megan Sleeper,Retained
Nielsen,"Nielsen - SVP, Product - Content",Product Management,VP,2026,Placement,stage_at_placement=Public; geo=SoCal; candidate=Novena Catalla-Kam; owner=Megan Sleeper; service=Retained,2026-02-09T00:00:00,Public,SoCal,Novena Catalla-Kam,Megan Sleeper,Retained
Octus (fka Reorg),Reorg - CTO,Engineering,CXO,2023,Placement,stage_at_placement=PE-Backed; geo=New York; candidate=Vishal Saxena; owner=Robert Seiden; service=Retained,2023-02-24T00:00:00,PE-Backed,New York,Vishal Saxena,Robert Seiden,Retained
Octus (fka Reorg),"Reorg - VP, Head of Information Security",Information Security,Head,2023,Placement,stage_at_placement=PE-Backed; geo=New York; candidate=David Barker; owner=Robert Seiden; service=Retained,2023-10-13T00:00:00,PE-Backed,New York,David Barker,Robert Seiden,Retained
Octus (fka Reorg),"Reorg - VP, AI Engineering & Development",Engineering,VP,2024,Placement,"stage_at_placement=PE-Backed; geo=New York; candidate=Kishore Iyer, Ph.D.; owner=Robert Seiden; service=Retained",2024-04-26T00:00:00,PE-Backed,New York,"Kishore Iyer, Ph.D.",Robert Seiden,Retained
Okta,Okta - VP Engineering,Engineering,VP,2011,Placement,owner=Michael Morell; service=Retained,2011-12-14T00:00:00,,,,Michael Morell,Retained
Okta,Okta - Product,Product Management,Other,2014,Placement,stage_at_placement=Series E+; candidate=George Kwon; owner=Rivi HQ; service=Contingency,2014-08-25T00:00:00,Series E+,,George Kwon,Rivi HQ,Contingency
Okta,Okta - Chief Product Officer,Product Management,CXO,2019,Placement,stage_at_placement=Public; geo=Bay Area; candidate=Diya Jolly; owner=Michael Morell; service=Retained,2019-03-05T00:00:00,Public,Bay Area,Diya Jolly,Michael Morell,Retained
Okta,Okta - VP of Product,Product Management,VP,2019,Placement,stage_at_placement=Public; geo=Bay Area; candidate=Arnab Bose; owner=Andrew Abramson; service=Retained,2019-09-05T00:00:00,Public,Bay Area,Arnab Bose,Andrew Abramson,Retained
Okta,Okta - CSO,Information Security,CXO,2020,Placement,stage_at_placement=Public; geo=Bay Area; candidate=David Bradbury; owner=Michael Morell; service=Retained,2020-03-17T00:00:00,Public,Bay Area,David Bradbury,Michael Morell,Retained
Okta,Okta - VP Product (Infrastructure),Product Management,VP,2020,Placement,stage_at_placement=Public; geo=Bay Area; candidate=Levent Besik; owner=Andrew Abramson; service=Retained,2020-06-08T00:00:00,Public,Bay Area,Levent Besik,Andrew Abramson,Retained
Okta,"Okta - VP Product, DevOps",Product Management,VP,2020,Placement,stage_at_placement=Public; geo=Bay Area; candidate=Michael Chou; owner=Andrew Abramson; service=Bluebird,2020-06-11T00:00:00,Public,Bay Area,Michael Chou,Andrew Abramson,Bluebird
Okta,Okta - CIO,Information Technology,CXO,2020,Placement,stage_at_placement=Public; geo=Bay Area; candidate=Alvina Antar; owner=Dante Carpinito; service=Retained,2020-06-30T00:00:00,Public,Bay Area,Alvina Antar,Dante Carpinito,Retained
Okta,Okta - VP Enterprise Architecture,Information Technology,VP,2020,Placement,stage_at_placement=Public; geo=Bay Area; candidate=Sanjay Shahani; owner=Dante Carpinito; service=Bluebird,2020-12-22T00:00:00,Public,Bay Area,Sanjay Shahani,Dante Carpinito,Bluebird
Okta,Okta - VP of Data Insights,Data/ML/AI,VP,2021,Placement,stage_at_placement=Public; geo=Bay Area; candidate=Anoop Lalla; owner=Dante Carpinito; service=Retained,2021-01-25T00:00:00,Public,Bay Area,Anoop Lalla,Dante Carpinito,Retained
Okta,"Okta - Sr. Director, Product",Product Management,Director,2021,Placement,stage_at_placement=Public; geo=Bay Area; candidate=Ryan Stewart; owner=Andrew Abramson; service=Retained,2021-02-02T00:00:00,Public,Bay Area,Ryan Stewart,Andrew Abramson,Retained
Okta,"Okta - President, Technology and CTO",Engineering,CXO,2021,Placement,stage_at_placement=Public; geo=Bay Area; candidate=Sagnik Nandy; owner=Michael Morell; service=Retained,2021-06-09T00:00:00,Public,Bay Area,Sagnik Nandy,Michael Morell,Retained
Okta,Okta - VP of Engineering,Engineering,VP,2021,Placement,stage_at_placement=Public; geo=Bay Area; candidate=Vivek Raman; owner=Dante Carpinito; service=Retained,2021-08-02T00:00:00,Public,Bay Area,Vivek Raman,Dante Carpinito,Retained
Okta,Okta - VP of Technical Operations (as VP of Infrastructure),Engineering,VP,2021,Placement,stage_at_placement=Public; geo=Bay Area; candidate=Atul Gupta; owner=Dante Carpinito; service=Retained,2021-11-15T00:00:00,Public,Bay Area,Atul Gupta,Dante Carpinito,Retained
Okta,Okta - VP Engineering - Business Tech,Engineering,VP,2022,Placement,stage_at_placement=Public; geo=Bay Area; candidate=Megan Slater; owner=Dante Carpinito; service=Retained,2022-01-26T00:00:00,Public,Bay Area,Megan Slater,Dante Carpinito,Retained
Okta,Okta - President of Products and Technology,Executive Management,CXO,2025,Placement,stage_at_placement=Public; geo=Bay Area; candidate=Ric Smith; owner=Michael Morell; service=Retained,2025-07-24T00:00:00,Public,Bay Area,Ric Smith,Michael Morell,Retained
Oracle,Oracle - VP of Oracle Sales Cloud Development,Engineering,VP,2014,Placement,stage_at_placement=Public; geo=Bay Area; candidate=Hamid Bahadori; owner=Michael Morell; service=Retained,2014-12-23T00:00:00,Public,Bay Area,Hamid Bahadori,Michael Morell,Retained
Oracle,Oracle - VP Public Cloud,Product Management,Other,2015,Placement,stage_at_placement=Public; geo=Bay Area; candidate=Fausto Ibarra; owner=Austin Brizendine; service=Bluebird,2015-02-24T00:00:00,Public,Bay Area,Fausto Ibarra,Austin Brizendine,Bluebird
Oracle,Oracle - VP Product CX,Product Management,VP,2015,Placement,stage_at_placement=Public; geo=Bay Area; candidate=Satnam Singh; owner=Austin Brizendine; service=Retained,2015-03-12T00:00:00,Public,Bay Area,Satnam Singh,Austin Brizendine,Retained
Oracle,Oracle - VP Product BPM,Product Management,VP,2015,Placement,stage_at_placement=Public; geo=Bay Area; candidate=Internal Candidate; owner=Austin Brizendine; service=Retained,2015-06-16T00:00:00,Public,Bay Area,Internal Candidate,Austin Brizendine,Retained
Oracle,Oracle - Sr. DevOps #1,Engineering,Other,2015,Placement,geo=Bay Area; candidate=Alekasandar Veselinov; owner=Rivi HQ; service=Team Svcs Placement,2015-07-10T00:00:00,,Bay Area,Alekasandar Veselinov,Rivi HQ,Team Svcs Placement
Oracle,Oracle - #1 Sr. Principal Eng,Engineering,Other,2015,Placement,geo=Bay Area; candidate=Gurminder Singh; owner=Thor Bucy; service=Team Svcs Placement,2015-08-26T00:00:00,,Bay Area,Gurminder Singh,Thor Bucy,Team Svcs Placement
PagerDuty,PagerDuty - VP Marketing,Marketing,VP,2012,Placement,stage_at_placement=Pre-Seed / Seed; candidate=Ian Brown; owner=Kevin Buckby; service=Retained,2012-06-15T00:00:00,Pre-Seed / Seed,,Ian Brown,Kevin Buckby,Retained
PagerDuty,PagerDuty - VP Engineering,Engineering,VP,2018,Placement,stage_at_placement=Series C; geo=Bay Area; candidate=Gautam Prabhu; owner=Sandy Ma; service=Retained,2018-08-08T00:00:00,Series C,Bay Area,Gautam Prabhu,Sandy Ma,Retained
PagerDuty,PagerDuty - CPO,Product Management,CXO,2020,Placement,stage_at_placement=Public; geo=Bay Area; candidate=Sean Scott; owner=Andrew Abramson; service=Retained,2020-11-30T00:00:00,Public,Bay Area,Sean Scott,Andrew Abramson,Retained
PagerDuty,PagerDuty - Chief Architect,Engineering,Architect,2021,Placement,stage_at_placement=Public; geo=Bay Area; candidate=Philip Jacob; owner=Michael Tumasian; service=Retained,2021-04-19T00:00:00,Public,Bay Area,Philip Jacob,Michael Tumasian,Retained
PagerDuty,PagerDuty - VP Product,Product Management,VP,2021,Placement,stage_at_placement=Public; geo=Bay Area; candidate=Dan McCall; owner=Andrew Abramson; service=Retained,2021-06-25T00:00:00,Public,Bay Area,Dan McCall,Andrew Abramson,Retained
Palo Alto Networks,Palo Alto Networks - VP Product,Product Management,VP,2016,Placement,stage_at_placement=Public; geo=Bay Area; candidate=Nilesh Patel; owner=Michael Morell; service=Retained,2016-04-21T00:00:00,Public,Bay Area,Nilesh Patel,Michael Morell,Retained
Palo Alto Networks,Palo Alto Networks - SVP/GM Product,Product Management,VP,2022,Placement,stage_at_placement=Public; geo=Bay Area; candidate=Tanya Shastri; owner=Jeff Campbell; service=Retained,2022-02-04T00:00:00,Public,Bay Area,Tanya Shastri,Jeff Campbell,Retained
Palo Alto Networks,"Palo Alto Networks - SVP, GTM and CX Technology",Engineering,VP,2022,Placement,stage_at_placement=Public; geo=Bay Area; candidate=Wing Yu; owner=Jeff Campbell; service=Retained,2022-11-03T00:00:00,Public,Bay Area,Wing Yu,Jeff Campbell,Retained
Panasonic Avionics,Panasonic Avionics Corp - VP of Software Engineering,Engineering,VP,2023,Placement,stage_at_placement=Public; geo=SoCal; candidate=Premkumar Bangole; owner=Chris Rice; service=Paragon,2023-01-02T00:00:00,Public,SoCal,Premkumar Bangole,Chris Rice,Paragon
Panasonic Avionics,Panasonic Avionics - Sr. Dir of Engineering,Engineering,Director,2023,Placement,stage_at_placement=Public; geo=SoCal; candidate=Shariq Osman; owner=Mike Callagy; service=Paragon,2023-01-09T00:00:00,Public,SoCal,Shariq Osman,Mike Callagy,Paragon
Panasonic Avionics,"Panasonic Avionics - Sr. Director, Cybersecurity",Information Security,Director,2023,Placement,stage_at_placement=Public; geo=SoCal; candidate=Kelly Greenhaw; owner=Chris Rice; service=Paragon,2023-06-27T00:00:00,Public,SoCal,Kelly Greenhaw,Chris Rice,Paragon
Panasonic Avionics,"Panasonic Avionics - Senior Director, Cloud Data",Engineering,Director,2023,Placement,stage_at_placement=Public; geo=SoCal; candidate=Ram Chintala; owner=Chris Rice; service=Paragon,2023-09-01T00:00:00,Public,SoCal,Ram Chintala,Chris Rice,Paragon
Panasonic Avionics,"Panasonic Avionics - Sr Director, Head of Platform Engineering",Engineering,Director,2023,Placement,stage_at_placement=Public; geo=SoCal; candidate=Guru Raj; owner=Chris Rice; service=Paragon,2023-09-06T00:00:00,Public,SoCal,Guru Raj,Chris Rice,Paragon
Panasonic Avionics,Panasonic Avionics - Software Engineer (Head-End) (Paragon) (Refill),Engineering,Head,2025,Placement,geo=SoCal; owner=Alby Tam; service=Paragon,2025-02-03T00:00:00,,SoCal,,Alby Tam,Paragon
Panasonic Avionics,"Panasonic Avionics - Sr. Manager, (Seat-End) (Paragon) (Refill)",Engineering,Manager,2025,Placement,geo=SoCal; owner=Mike Callagy; service=Paragon,2025-02-12T00:00:00,,SoCal,,Mike Callagy,Paragon
Panasonic Avionics,Panasonic Avionics - Software Engineer (Head-End) (Paragon) (Refill),Engineering,Head,2025,Placement,geo=SoCal; owner=Mike Callagy; service=Paragon,2025-02-20T00:00:00,,SoCal,,Mike Callagy,Paragon
Panasonic Avionics,"Panasonic Avionics - VP, Platform Innovation & Development",Engineering,VP,2025,Placement,stage_at_placement=Public; geo=SoCal; candidate=Manu Malhotra; owner=Mike Callagy; service=Retained,2025-04-18T00:00:00,Public,SoCal,Manu Malhotra,Mike Callagy,Retained
Panasonic Avionics,Panasonic Avionics - Confidential Platform Engineer,Engineering,IC,2025,Placement,geo=SoCal; owner=Mike Callagy; service=Retained,2025-12-16T00:00:00,,SoCal,,Mike Callagy,Retained
Panasonic Avionics,Panasonic Avionics - Director of Software Engineer,Engineering,Director,2026,Placement,stage_at_placement=Public; geo=SoCal; candidate=Heena Rastogi; owner=Mike Callagy; service=Retained,2026-03-25T00:00:00,Public,SoCal,Heena Rastogi,Mike Callagy,Retained
PayPal,"Paypal - Sr. Director, Data & Analytics, Braintree",Data/ML/AI,Director,2017,Placement,stage_at_placement=Public; geo=Bay Area; candidate=Christopher Nichols; owner=Gino Morell; service=Retained,2017-07-11T00:00:00,Public,Bay Area,Christopher Nichols,Gino Morell,Retained
PayPal,"Paypal - Sr. Director, Data & Analytics, Braintree",Data/ML/AI,Director,2017,Placement,stage_at_placement=Public; geo=Bay Area; candidate=Kelly Ehret; owner=Gino Morell; service=Retained,2017-07-11T00:00:00,Public,Bay Area,Kelly Ehret,Gino Morell,Retained
PayPal,Paypal - Backend Engineer,Engineering,IC,2018,Placement,stage_at_placement=Public; geo=Bay Area; candidate=Robert Hayworth; owner=Will Hunsinger; service=Contingency,2018-02-02T00:00:00,Public,Bay Area,Robert Hayworth,Will Hunsinger,Contingency
PayPal,Paypal - Manager Software Development,Engineering,Manager,2018,Placement,stage_at_placement=Public; geo=Bay Area; candidate=David Penick; owner=Rivi HQ; service=Contingency,2018-02-08T00:00:00,Public,Bay Area,David Penick,Rivi HQ,Contingency
PayPal,Paypal - Backend Engineer,Engineering,IC,2018,Placement,stage_at_placement=Public; geo=Bay Area; candidate=Tivakar Komaraswami; owner=Rivi HQ; service=Contingency,2018-05-10T00:00:00,Public,Bay Area,Tivakar Komaraswami,Rivi HQ,Contingency
PayPal,PayPal - Sr. Director of Design,Design/UX,Director,2018,Placement,stage_at_placement=Public; geo=Bay Area; candidate=Jason Brightman; owner=Dirk Cleveland; service=Retained,2018-07-16T00:00:00,Public,Bay Area,Jason Brightman,Dirk Cleveland,Retained
PayPal,"PayPal - Sr. Director Commerce Enablement, Product and Engineering",Engineering,Director,2018,Placement,stage_at_placement=Public; geo=Bay Area; candidate=Mary Rosen; owner=Gino Morell; service=Retained,2018-08-27T00:00:00,Public,Bay Area,Mary Rosen,Gino Morell,Retained
PayPal,PayPal - Head of Design - Venmo,Design/UX,Head,2020,Placement,stage_at_placement=Public; geo=Bay Area; candidate=Micah Alpern; owner=Dirk Cleveland; service=Retained,2020-01-10T00:00:00,Public,Bay Area,Micah Alpern,Dirk Cleveland,Retained
PayPal,"PayPal - Director of Product, Shopping Platform (Honey)",Product Management,Director,2021,Placement,stage_at_placement=Public; geo=SoCal; candidate=Alessandro Yamhure; owner=Mike Callagy; service=Retained,2021-08-30T00:00:00,Public,SoCal,Alessandro Yamhure,Mike Callagy,Retained
PayPal,PayPal - Director of Product,Product Management,Director,2021,Placement,stage_at_placement=Public; geo=Bay Area; candidate=Jacqueline Karlin; owner=Mike Callagy; service=Bluebird,2021-09-22T00:00:00,Public,Bay Area,Jacqueline Karlin,Mike Callagy,Bluebird
PayPal,PayPal - Sr. Director of Design 2021 (as Sr.Director of Design - Merchant),Design/UX,Director,2021,Placement,stage_at_placement=Public; geo=Bay Area; candidate=Thom Franey; owner=Dirk Cleveland; service=Retained,2021-09-28T00:00:00,Public,Bay Area,Thom Franey,Dirk Cleveland,Retained
PayPal,PayPal - VP Global Product Design,Design/UX,VP,2022,Placement,stage_at_placement=Public; geo=Bay Area; candidate=Scott Hines; owner=Dirk Cleveland; service=Retained,2022-06-09T00:00:00,Public,Bay Area,Scott Hines,Dirk Cleveland,Retained
PDI Technologies,PDI Technologies - CTO,Engineering,CXO,2024,Placement,stage_at_placement=PE-Backed; geo=Atlanta Metro; candidate=Raghu Bongula; owner=Ned Lanphier; service=Retained,2024-10-09T00:00:00,PE-Backed,Atlanta Metro,Raghu Bongula,Ned Lanphier,Retained
PDI Technologies,"PDI Technologies - SVP Product, Networking and Security",Product Management,SVP,2026,Placement,stage_at_placement=PE-Backed; geo=Atlanta Metro; candidate=Gerald Caponera; owner=Ned Lanphier; service=Retained,2026-03-08T00:00:00,PE-Backed,Atlanta Metro,Gerald Caponera,Ned Lanphier,Retained
PDI Technologies,"PDI Technologies - SVP Product, Networking and Security",Product Management,SVP,2026,Placement,stage_at_placement=PE-Backed; geo=Atlanta Metro; candidate=Ameer Karim; owner=Ned Lanphier; service=Retained,2026-03-08T00:00:00,PE-Backed,Atlanta Metro,Ameer Karim,Ned Lanphier,Retained
PracticeTek,PracticeTek - President,Executive Management,CXO,2024,Placement,stage_at_placement=PE-Backed; geo=SoCal; candidate=Michael Sharp; owner=Matt Stravitz; service=Retained,2024-06-17T00:00:00,PE-Backed,SoCal,Michael Sharp,Matt Stravitz,Retained
PracticeTek,Practicetek - General Manager,General Management,GM,2024,Placement,stage_at_placement=PE-Backed; geo=SoCal; candidate=Marina McDonough; owner=Matt Stravitz; service=Retained,2024-10-26T00:00:00,PE-Backed,SoCal,Marina McDonough,Matt Stravitz,Retained
PracticeTek,PracticeTek - General Manager,General Management,GM,2025,Placement,stage_at_placement=PE-Backed; geo=SoCal; candidate=Blake Head; owner=Rick Harris; service=Retained,2025-06-06T00:00:00,PE-Backed,SoCal,Blake Head,Rick Harris,Retained
Real Chemistry,"Real Chemistry - VP of Engineering, Swoop/IPM.ai",Engineering,VP,2023,Placement,stage_at_placement=PE-Backed; candidate=David C Peterson; owner=Jason Hann; service=Retained,2023-06-12T00:00:00,PE-Backed,,David C Peterson,Jason Hann,Retained
Real Chemistry,Real Chemistry - Product Lead #2,Product Management,IC,2023,Placement,stage_at_placement=PE-Backed; geo=Bay Area; candidate=Darren Rosebrugh; owner=Kevin Reetz; service=Retained,2023-07-25T00:00:00,PE-Backed,Bay Area,Darren Rosebrugh,Kevin Reetz,Retained
Real Chemistry,Real Chemistry - Product Lead #1,Product Management,IC,2023,Placement,stage_at_placement=PE-Backed; geo=Bay Area; candidate=Akhila Gourishetty; owner=Sunil Chaudhary; service=Retained,2023-09-15T00:00:00,PE-Backed,Bay Area,Akhila Gourishetty,Sunil Chaudhary,Retained
Real Chemistry,"Real Chemistry - Principal Product Manager, Analytics",Product Management,IC,2023,Placement,stage_at_placement=PE-Backed; geo=Bay Area; candidate=Aleksander Mielczarek; owner=Sunil Chaudhary; service=Retained,2023-12-14T00:00:00,PE-Backed,Bay Area,Aleksander Mielczarek,Sunil Chaudhary,Retained
Redfin,"Redfin - Engineering Manager(s), SF",Engineering,IC,2021,Placement,stage_at_placement=Public; geo=Bay Area; candidate=Edo Williams; owner=John Twamley; service=Retained,2021-04-06T00:00:00,Public,Bay Area,Edo Williams,John Twamley,Retained
Redfin,"Redfin - Engineering Manager, Partner Growth",Engineering,IC,2021,Placement,stage_at_placement=Public; geo=Bay Area; candidate=Vlad Marinov; owner=John Twamley; service=Retained,2021-05-19T00:00:00,Public,Bay Area,Vlad Marinov,John Twamley,Retained
Redfin,Redfin - Director of Engineering,Engineering,Director,2021,Placement,stage_at_placement=Public; candidate=Dennis Coldwell; owner=Michael Tumasian; service=Retained,2021-07-21T00:00:00,Public,,Dennis Coldwell,Michael Tumasian,Retained
Redfin,"Redfin - Director of Engineering, Customer Growth",Engineering,Director,2021,Placement,stage_at_placement=Public; geo=Bay Area; candidate=Krishna Bhagavan; owner=John Twamley; service=Retained,2021-07-27T00:00:00,Public,Bay Area,Krishna Bhagavan,John Twamley,Retained
Redfin,"Redfin - Director of Product, Buyside",Product Management,Director,2021,Placement,stage_at_placement=Public; geo=Seattle; candidate=Nancy Farah; owner=Chris Rice; service=Retained,2021-08-24T00:00:00,Public,Seattle,Nancy Farah,Chris Rice,Retained
Redpin (fka Currencies Direct),Redpin (fka Currencies Direct) - Head of Product B2B2C (bluebird),Product Management,Head,2024,Placement,stage_at_placement=PE-Backed; geo=Europe; candidate=Cassio Camanho; owner=Myriam Vacher; service=Bluebird,2024-01-02T00:00:00,PE-Backed,Europe,Cassio Camanho,Myriam Vacher,Bluebird
Redpin (fka Currencies Direct),Redpin (fka Currencies Direct) - VP Engineering,Engineering,VP,2024,Placement,stage_at_placement=PE-Backed; geo=Europe; candidate=Daniel Dvorkin; owner=Myriam Vacher; service=Retained,2024-01-09T00:00:00,PE-Backed,Europe,Daniel Dvorkin,Myriam Vacher,Retained
Redpin (fka Currencies Direct),"Redpin (fka Currencies Direct) - Head of Product, B2B Enterprise (Bluebird)",Product Management,Head,2024,Placement,stage_at_placement=PE-Backed; geo=Europe; candidate=Nick Zapponi; owner=Myriam Vacher; service=Bluebird,2024-03-15T00:00:00,PE-Backed,Europe,Nick Zapponi,Myriam Vacher,Bluebird
Redpin (fka Currencies Direct),Redpin (fka Currencies Direct) - Senior Director of Data,Data/ML/AI,Director,2024,Placement,stage_at_placement=PE-Backed; geo=Europe; candidate=Richard Oastler; owner=James Ryan; service=Retained,2024-04-18T00:00:00,PE-Backed,Europe,Richard Oastler,James Ryan,Retained
Redpin (fka Currencies Direct),"Redpin (fka Currencies Direct) - Head of Product, B2B Property",Product Management,Head,2024,Placement,stage_at_placement=PE-Backed; geo=Europe; candidate=Maya Hodroj; owner=Myriam Vacher; service=Retained,2024-05-14T00:00:00,PE-Backed,Europe,Maya Hodroj,Myriam Vacher,Retained
Redpin (fka Currencies Direct),Redpin (fka Currencies Direct) - CTO,Engineering,CXO,2024,Placement,stage_at_placement=PE-Backed; geo=Europe; candidate=Yoav Flam; owner=Pete Alexander; service=Retained,2024-05-21T00:00:00,PE-Backed,Europe,Yoav Flam,Pete Alexander,Retained
Redpin (fka Currencies Direct),"Redpin (fka Currencies Direct) - Head of Product, Core",Product Management,Head,2024,Placement,stage_at_placement=PE-Backed; geo=Europe; candidate=Ruhi Dang; owner=Myriam Vacher; service=Retained,2024-07-10T00:00:00,PE-Backed,Europe,Ruhi Dang,Myriam Vacher,Retained
ResMed,ResMed - VP of Engineering,Engineering,VP,2020,Placement,stage_at_placement=Public; geo=SoCal; candidate=Sanjay Kumar; owner=Dante Carpinito; service=Retained,2020-05-25T00:00:00,Public,SoCal,Sanjay Kumar,Dante Carpinito,Retained
ResMed,ResMed - Senior Director of Delivery Enablement,Engineering,Director,2021,Placement,stage_at_placement=Public; geo=SoCal; candidate=Gregory Vaughan; owner=Jeff Campbell; service=Retained,2021-05-21T00:00:00,Public,SoCal,Gregory Vaughan,Jeff Campbell,Retained
ResMed,ResMed - CTO,Engineering,CXO,2022,Placement,stage_at_placement=Public; geo=SoCal; candidate=Urvashi Tyagi; owner=Dante Carpinito; service=Retained,2022-01-04T00:00:00,Public,SoCal,Urvashi Tyagi,Dante Carpinito,Retained
Revolution Medicines,Revolution Medicines - Chief Digital Officer,Product Management,Head,2025,Placement,stage_at_placement=Public; geo=Bay Area; candidate=Laurent Bride; owner=Brian Bocchino; service=Retained,2025-11-14T00:00:00,Public,Bay Area,Laurent Bride,Brian Bocchino,Retained
Revolution Medicines,"Revolution Medicines - Director Machine Learning, Drug Discovery Analytics (Bluebird)",Data/ML/AI,Director,2026,Placement,stage_at_placement=Public; geo=Bay Area; candidate=Safiye Celik; owner=Doug Brown; service=Bluebird,2026-05-26T00:00:00,Public,Bay Area,Safiye Celik,Doug Brown,Bluebird
Revolution Medicines,Revolution Medicines - Executive Director Digital Drug Discovery and AI Strategy,Data/ML/AI,Director,2026,Placement,stage_at_placement=Public; geo=Bay Area; candidate=Shruthi Bharadwaj; owner=Doug Brown; service=Retained,2026-06-16T00:00:00,Public,Bay Area,Shruthi Bharadwaj,Doug Brown,Retained
Sonos  DO NOT REPRESENT,"Sonos - Sr Director Product, Professional",Product Management,Director,2022,Placement,stage_at_placement=Public; geo=Bay Area; candidate=Martin Barbour; owner=Justin Colsky; service=Bluebird,2022-01-20T00:00:00,Public,Bay Area,Martin Barbour,Justin Colsky,Bluebird
Sonos  DO NOT REPRESENT,Sonos - VP Product (Professional),Product Management,VP,2022,Placement,stage_at_placement=Public; geo=Bay Area; candidate=Chris Heintzelman; owner=Justin Colsky; service=Retained,2022-01-20T00:00:00,Public,Bay Area,Chris Heintzelman,Justin Colsky,Retained
Sonos  DO NOT REPRESENT,"Sonos - VP Product, Consumer",Product Management,VP,2022,Placement,stage_at_placement=Public; geo=Bay Area; candidate=Shruti Haldea; owner=Justin Colsky; service=Bluebird,2022-01-26T00:00:00,Public,Bay Area,Shruti Haldea,Justin Colsky,Bluebird
Standard Industries,Standard Industries - CTO (as CTO and CIO),Engineering,CXO,2017,Placement,stage_at_placement=Private / Bootstrapped; geo=New York; candidate=Brian McSweeney; owner=Eric Larson; service=Retained,2017-03-31T00:00:00,Private / Bootstrapped,New York,Brian McSweeney,Eric Larson,Retained
Standard Industries,Standard Industries - Chief Technology Officer,Engineering,CXO,2018,Placement,stage_at_placement=Private / Bootstrapped; geo=New York; candidate=Rich Robinson; owner=Eric Larson; service=Retained,2018-07-19T00:00:00,Private / Bootstrapped,New York,Rich Robinson,Eric Larson,Retained
Standard Industries,Standard - Head of Digital Strategy and Innovation,Engineering,Head,2018,Placement,stage_at_placement=Private / Bootstrapped; geo=New York; candidate=Xavier Riley; owner=Eric Larson; service=Retained,2018-12-20T00:00:00,Private / Bootstrapped,New York,Xavier Riley,Eric Larson,Retained
Standard Industries,Standard Industries - GAF CIO,Information Technology,CXO,2019,Placement,stage_at_placement=Private / Bootstrapped; geo=New York; candidate=Dion Rooney; owner=Eric Larson; service=Retained,2019-02-07T00:00:00,Private / Bootstrapped,New York,Dion Rooney,Eric Larson,Retained
Standard Industries,Standard Industries - VP Product,Product Management,VP,2019,Placement,stage_at_placement=Private / Bootstrapped; geo=New York; candidate=Rochak Sharma; owner=Eric Larson; service=Retained,2019-05-01T00:00:00,Private / Bootstrapped,New York,Rochak Sharma,Eric Larson,Retained
Standard Industries,Standard Industries - Chief Cloud Architect,Engineering,Architect,2019,Placement,stage_at_placement=Private / Bootstrapped; geo=New York; candidate=Ardaman Singh; owner=Eric Larson; service=Retained,2019-08-06T00:00:00,Private / Bootstrapped,New York,Ardaman Singh,Eric Larson,Retained
Standard Industries,Standard Industries - Chief Cloud Architect,Engineering,Architect,2019,Placement,stage_at_placement=PE-Backed; geo=New York; candidate=Arila Barnes; owner=Eric Larson; service=Retained,2019-08-06T00:00:00,PE-Backed,New York,Arila Barnes,Eric Larson,Retained
Standard Industries,Standard Industries - VP of IT,Information Technology,VP,2023,Placement,stage_at_placement=PE-Backed; geo=New York; candidate=Luis Pons; owner=Matt Stravitz; service=Retained,2023-04-12T00:00:00,PE-Backed,New York,Luis Pons,Matt Stravitz,Retained
Standard Industries,Standard Industries - VP IT,Information Technology,VP,2024,Placement,stage_at_placement=PE-Backed; geo=New York; candidate=Alex Klevitsky; owner=Matt Stravitz; service=Retained,2024-02-23T00:00:00,PE-Backed,New York,Alex Klevitsky,Matt Stravitz,Retained
Standard Industries,Standard Industries - Dir of Executive Desktop Support,Information Technology,Director,2025,Placement,stage_at_placement=PE-Backed; geo=New York; candidate=Chris Belicose; owner=Laura Cayabyab; service=Retained,2025-03-27T00:00:00,PE-Backed,New York,Chris Belicose,Laura Cayabyab,Retained
Storable,Storable - SVP Engineering,Engineering,VP,2026,Placement,stage_at_placement=PE-Backed; geo=Bay Area; candidate=Jennifer Tegethoff; owner=Robert Seiden; service=Retained,2026-02-12T00:00:00,PE-Backed,Bay Area,Jennifer Tegethoff,Robert Seiden,Retained
Storable,"Storable - SVP, BI/AI",Data/ML/AI,VP,2026,Placement,stage_at_placement=PE-Backed; geo=Austin; candidate=Carter Rees; owner=Ned Lanphier; service=Retained,2026-04-29T00:00:00,PE-Backed,Austin,Carter Rees,Ned Lanphier,Retained
Storable,"Storable - VP, Product",Product Management,VP,2026,Placement,stage_at_placement=PE-Backed; geo=Austin; candidate=Julie Chow; owner=Jessica Socha; service=Retained,2026-06-29T00:00:00,PE-Backed,Austin,Julie Chow,Jessica Socha,Retained
Storable,"Storable - VP, Product",Product Management,VP,2026,Placement,stage_at_placement=PE-Backed; geo=Austin; candidate=Joshua Renberg; owner=Jessica Socha; service=Retained,2026-06-29T00:00:00,PE-Backed,Austin,Joshua Renberg,Jessica Socha,Retained
Storable,Storable - CISO,Information Security,CXO,2026,Placement,stage_at_placement=PE-Backed; geo=Austin; candidate=Maggie Amato; owner=Matt Stravitz; service=Retained,2026-06-30T00:00:00,PE-Backed,Austin,Maggie Amato,Matt Stravitz,Retained
Superbet Group,Happening - VP Product Design and Research,Design/UX,VP,2023,Placement,stage_at_placement=PE-Backed; geo=Europe; candidate=Gavin Edwards; owner=Pete Alexander; service=Retained,2023-08-21T00:00:00,PE-Backed,Europe,Gavin Edwards,Pete Alexander,Retained
Superbet Group,"Superbet - VP Engineering, Content",Engineering,VP,2024,Placement,stage_at_placement=PE-Backed; geo=Europe; candidate=Rustam Khashimkhodjaev; owner=Pete Alexander; service=Retained,2024-06-06T00:00:00,PE-Backed,Europe,Rustam Khashimkhodjaev,Pete Alexander,Retained
Superbet Group,Superbet - VP Data Analytics Lead (Confidential),Data/ML/AI,VP,2025,Placement,stage_at_placement=PE-Backed; geo=Europe; candidate=Karan Shah; owner=James Ryan; service=Retained,2025-03-31T00:00:00,PE-Backed,Europe,Karan Shah,James Ryan,Retained
Superbet Group,"Happening Technology LTD (fka Superbet) - Dir of Data & Analytics, Player",Data/ML/AI,Director,2025,Placement,stage_at_placement=PE-Backed; geo=Europe; candidate=Mike Yamnitsky; owner=James Ryan; service=Bluebird,2025-05-06T00:00:00,PE-Backed,Europe,Mike Yamnitsky,James Ryan,Bluebird
Superbet Group,"Happening Technology Ltd (fka Superbet) - Director of Product, Player",Product Management,Director,2025,Placement,stage_at_placement=PE-Backed; geo=Europe; candidate=Amrita Banerjee; owner=Nicholas Roberts; service=Retained,2025-06-27T00:00:00,PE-Backed,Europe,Amrita Banerjee,Nicholas Roberts,Retained
Superbet Group,Superbet Group - CTO Project Hyde (Highly Confidential),Engineering,VP,2026,Placement,stage_at_placement=PE-Backed; geo=Europe; candidate=Renato Todorov; owner=James Ryan; service=Retained,2026-01-23T00:00:00,PE-Backed,Europe,Renato Todorov,James Ryan,Retained
Superbet Group,Superbet Group - Project Indigo (Confidential) - CPO,Product Management,CXO,2026,Placement,stage_at_placement=PE-Backed; geo=Europe; candidate=Andrew Watts; owner=James Ryan; service=Retained,2026-03-06T00:00:00,PE-Backed,Europe,Andrew Watts,James Ryan,Retained
Superbet Group,Superbet Group - VP of Trading Operations,Administrative,VP,2026,Placement,stage_at_placement=PE-Backed; geo=Europe; candidate=Juncal Hernan; owner=Balsam Mirza; service=Retained,2026-06-23T00:00:00,PE-Backed,Europe,Juncal Hernan,Balsam Mirza,Retained
Tempo,Tempo - CTO,Engineering,CXO,2023,Placement,stage_at_placement=PE-Backed; geo=New York; candidate=Adam Wallace; owner=Justin Cottrell; service=Retained,2023-08-22T00:00:00,PE-Backed,New York,Adam Wallace,Justin Cottrell,Retained
Tempo,Tempo - VP Engineering,Engineering,VP,2024,Placement,stage_at_placement=PE-Backed; geo=Boston; candidate=Shawn Nagase; owner=Justin Cottrell; service=Retained,2024-01-18T00:00:00,PE-Backed,Boston,Shawn Nagase,Justin Cottrell,Retained
Tempo,"Tempo - VP of Product, Atlassian Marketplace Apps",Product Management,VP,2026,Placement,stage_at_placement=PE-Backed; geo=New York; candidate=Paul Lechner; owner=Hugh Curran; service=Retained,2026-06-03T00:00:00,PE-Backed,New York,Paul Lechner,Hugh Curran,Retained
Ten-X (fka Auction.com),Auction.com - VPE,Engineering,VP,2011,Placement,stage_at_placement=PE-Backed; candidate=Ravi Keswani; owner=Michael Morell; service=Retained,2011-12-13T00:00:00,PE-Backed,,Ravi Keswani,Michael Morell,Retained
Ten-X (fka Auction.com),Auction.com - Sr. Infrastructure Eng,Information Technology,Other,2013,Placement,stage_at_placement=PE-Backed; candidate=Carlos Medecigo; owner=Rivi HQ; service=Contingency,2013-02-01T00:00:00,PE-Backed,,Carlos Medecigo,Rivi HQ,Contingency
Ten-X (fka Auction.com),Auction.com - Sr Mgr Tech Support Svcs,Information Technology,Other,2013,Placement,stage_at_placement=PE-Backed; candidate=Tarek Ghalwash; owner=Rivi HQ; service=Contingency,2013-02-27T00:00:00,PE-Backed,,Tarek Ghalwash,Rivi HQ,Contingency
Ten-X (fka Auction.com),"Auction.com - Group PM, Irvine",Product Management,Other,2013,Placement,stage_at_placement=PE-Backed; candidate=Mike Huang; owner=Rivi HQ; service=Contingency,2013-03-15T00:00:00,PE-Backed,,Mike Huang,Rivi HQ,Contingency
Ten-X (fka Auction.com),Auction.com - Front End Eng II,Engineering,Other,2013,Placement,stage_at_placement=PE-Backed; candidate=Nisha Thatte-Potter; owner=Rivi HQ; service=Contingency,2013-10-30T00:00:00,PE-Backed,,Nisha Thatte-Potter,Rivi HQ,Contingency
Ten-X (fka Auction.com),Auction - Dir Engineering,Engineering,Other,2014,Placement,geo=Bay Area; candidate=Lawrence Yuan; owner=Marc Francone; service=Team Svcs Retainer,2014-12-04T00:00:00,,Bay Area,Lawrence Yuan,Marc Francone,Team Svcs Retainer
The Aspen Group,The Aspen Group - CIO,Information Technology,CXO,2024,Placement,stage_at_placement=PE-Backed; geo=Chicago; candidate=Jonathan Randall; owner=Steve Kasmouski; service=Retained,2024-03-29T00:00:00,PE-Backed,Chicago,Jonathan Randall,Steve Kasmouski,Retained
The Aspen Group,The Aspen Group - SVP of Engineering,Engineering,VP,2024,Placement,stage_at_placement=PE-Backed; geo=Chicago; candidate=Adan Pope; owner=Steve Kasmouski; service=Retained,2024-10-03T00:00:00,PE-Backed,Chicago,Adan Pope,Steve Kasmouski,Retained
The Aspen Group,The Aspen Group - SVP Product,Product Management,CXO,2024,Placement,stage_at_placement=PE-Backed; geo=SoCal; candidate=Sara Rossio; owner=Steve Kasmouski; service=Retained,2024-10-12T00:00:00,PE-Backed,SoCal,Sara Rossio,Steve Kasmouski,Retained
The Aspen Group,The Aspen Group - VP of Engineering,Engineering,VP,2024,Placement,stage_at_placement=PE-Backed; geo=Chicago; candidate=Stephen Chambers; owner=Steve Kasmouski; service=Retained,2024-11-05T00:00:00,PE-Backed,Chicago,Stephen Chambers,Steve Kasmouski,Retained
The Aspen Group,The Aspen Group - SVP of Engineering,Engineering,VP,2026,Placement,stage_at_placement=PE-Backed; geo=Chicago; candidate=Syed Mahmood; owner=Steve Kasmouski; service=Retained,2026-03-26T00:00:00,PE-Backed,Chicago,Syed Mahmood,Steve Kasmouski,Retained
The Aspen Group,The Aspen Group - VP of CRM,Engineering,VP,2026,Placement,stage_at_placement=Private / Bootstrapped; geo=Chicago; candidate=Jason Clarkin; owner=Robert Seiden; service=Retained,2026-05-13T00:00:00,Private / Bootstrapped,Chicago,Jason Clarkin,Robert Seiden,Retained
The New York Times,"New York Times - Director of Product, Xwords",Product Management,Director,2019,Placement,stage_at_placement=Public; geo=New York; candidate=Jennifer Garfield; owner=Will Potter; service=Retained,2019-07-02T00:00:00,Public,New York,Jennifer Garfield,Will Potter,Retained
The New York Times,**CONFIDENTIAL - DO NOT DISCUSS EXTERNALLY**New York Times - Chief Product Officer,Product Management,CXO,2019,Placement,stage_at_placement=Public; geo=New York; candidate=Alexandra Hardiman; owner=Austin Brizendine; service=Retained,2019-07-31T00:00:00,Public,New York,Alexandra Hardiman,Austin Brizendine,Retained
The New York Times,New York Times - Head of Audio Product,Product Management,Head,2019,Placement,stage_at_placement=Public; geo=New York; candidate=Alex Rainert; owner=Austin Brizendine; service=Retained,2019-10-17T00:00:00,Public,New York,Alex Rainert,Austin Brizendine,Retained
The New York Times,New York Times - VP Technical Product Management,Product Management,VP,2020,Placement,stage_at_placement=Public; geo=New York; candidate=Lisa Kamm; owner=Will Potter; service=Retained,2020-01-16T00:00:00,Public,New York,Lisa Kamm,Will Potter,Retained
The New York Times,"New York Times - Head of Engineering, Core Platforms",Engineering,Head,2020,Placement,stage_at_placement=Public; geo=New York; candidate=Daniel Jacobson; owner=Jonathan Peters; service=Retained,2020-05-01T00:00:00,Public,New York,Daniel Jacobson,Jonathan Peters,Retained
The New York Times,New York Times - Head of Core Platforms Engineering,Engineering,Head,2021,Placement,stage_at_placement=Public; geo=New York; candidate=Vijey Jenkal; owner=Bobby Gormsen; service=Retained,2021-07-29T00:00:00,Public,New York,Vijey Jenkal,Bobby Gormsen,Retained
The New York Times,"New York Times - VP of Engineering, Wirecutter",Engineering,VP,2022,Placement,stage_at_placement=Public; geo=New York; candidate=Natasha Krasnov; owner=Bobby Gormsen; service=Retained,2022-04-05T00:00:00,Public,New York,Natasha Krasnov,Bobby Gormsen,Retained
Trellix,"Skyhigh Networks - VP, Cloud Ops",Engineering,VP,2022,Placement,stage_at_placement=PE-Backed; candidate=Scott Singhass; owner=Michael Tumasian; service=Retained,2022-06-22T00:00:00,PE-Backed,,Scott Singhass,Michael Tumasian,Retained
Trellix,Trellix - SVP of Engineering,Engineering,VP,2022,Placement,stage_at_placement=PE-Backed; geo=Boston; candidate=Ashok Banerjee; owner=Chris Rice; service=Retained,2022-08-01T00:00:00,PE-Backed,Boston,Ashok Banerjee,Chris Rice,Retained
Trellix,Trellix - VP Customer Success,Professional Services,VP,2022,Placement,stage_at_placement=PE-Backed; candidate=Paola Chadwell; owner=Michelle Stevens; service=Retained,2022-09-29T00:00:00,PE-Backed,,Paola Chadwell,Michelle Stevens,Retained
Trellix,Trellix - VP of Product Operations,Product Management,VP,2022,Placement,stage_at_placement=PE-Backed; candidate=Sue Lin; owner=Chris Rice; service=Retained,2022-11-14T00:00:00,PE-Backed,,Sue Lin,Chris Rice,Retained
Trellix,"Trellix - VP, Product Marketing",Product Management,VP,2023,Placement,stage_at_placement=PE-Backed; candidate=Meha Varier; owner=Chris Rice; service=Retained,2023-01-06T00:00:00,PE-Backed,,Meha Varier,Chris Rice,Retained
Trellix,Trellix - Chief Architect,Engineering,Architect,2023,Placement,stage_at_placement=PE-Backed; candidate=Josh Stella; owner=Michelle Stevens; service=Retained,2023-02-22T00:00:00,PE-Backed,,Josh Stella,Michelle Stevens,Retained
Trellix,Trellix - GM (Confidential),Product Management,VP,2023,Placement,stage_at_placement=PE-Backed; candidate=John Morgan; owner=Mike McCarthy; service=Bluebird,2023-05-11T00:00:00,PE-Backed,,John Morgan,Mike McCarthy,Bluebird
Trellix,"Trellix - SVP, Product & UX Design",Product Management,VP,2024,Placement,stage_at_placement=PE-Backed; geo=Bay Area; candidate=Mark Strassman; owner=Michelle Stevens; service=Retained,2024-03-26T00:00:00,PE-Backed,Bay Area,Mark Strassman,Michelle Stevens,Retained
Trellix,Trellix - SVP Engineering,Engineering,VP,2024,Placement,stage_at_placement=PE-Backed; geo=Other East Coast; candidate=Jim Treinen; owner=Michelle Stevens; service=Retained,2024-05-01T00:00:00,PE-Backed,Other East Coast,Jim Treinen,Michelle Stevens,Retained
Trellix,Trellix - VP XDR Product (bluebird),Product Management,VP,2024,Placement,stage_at_placement=PE-Backed; geo=Boston; candidate=Robert Shaker II; owner=Michelle Stevens; service=Bluebird,2024-08-06T00:00:00,PE-Backed,Boston,Robert Shaker II,Michelle Stevens,Bluebird
Tricentis,Tricentis - Chief Technology Officer,Engineering,CXO,2022,Placement,stage_at_placement=PE-Backed; geo=Austin; candidate=Suhail Ansari; owner=Eric Larson; service=Retained,2022-08-31T00:00:00,PE-Backed,Austin,Suhail Ansari,Eric Larson,Retained
Tricentis,Tricentis - VP of Engineering,Engineering,VP,2024,Placement,stage_at_placement=PE-Backed; geo=Austin; candidate=Matthew Zimmerman; owner=Joe Light; service=Retained,2024-01-08T00:00:00,PE-Backed,Austin,Matthew Zimmerman,Joe Light,Retained
Tricentis,Tricentis - VP of Engineering (bluebird),Engineering,VP,2024,Placement,stage_at_placement=PE-Backed; geo=Austin; candidate=Jack Humphrey; owner=Joe Light; service=Bluebird,2024-11-04T00:00:00,PE-Backed,Austin,Jack Humphrey,Joe Light,Bluebird
Tricentis,Tricentis - VP Product Marketing,Marketing,VP,2024,Placement,stage_at_placement=PE-Backed; geo=Austin; candidate=Allison Cramer; owner=Joe Light; service=Retained,2024-12-28T00:00:00,PE-Backed,Austin,Allison Cramer,Joe Light,Retained
TrueCommerce,TrueCommerce - CTO (CONFIDENTIAL),Engineering,CXO,2025,Placement,stage_at_placement=PE-Backed; geo=Atlanta Metro; candidate=Deepti Sharma; owner=Megan Sleeper; service=Retained,2025-09-17T00:00:00,PE-Backed,Atlanta Metro,Deepti Sharma,Megan Sleeper,Retained
TrueCommerce,Truecommerce - Head of Engineering North America,Engineering,VP,2026,Placement,stage_at_placement=PE-Backed; geo=Austin; candidate=Paromita Sarkar; owner=Megan Sleeper; service=Retained,2026-03-11T00:00:00,PE-Backed,Austin,Paromita Sarkar,Megan Sleeper,Retained
TrueCommerce,"TrueCommerce - Principal, AI and Automation",Data/ML/AI,Other,2026,Placement,stage_at_placement=PE-Backed; geo=Austin; candidate=Shane Labelle; owner=Nate LaDuca; service=Retained,2026-03-19T00:00:00,PE-Backed,Austin,Shane Labelle,Nate LaDuca,Retained
TrueCommerce,TrueCommerce - CPO,Product Management,CXO,2026,Placement,stage_at_placement=PE-Backed; geo=Pittsburgh Metro; candidate=Anthony Gallo; owner=Megan Sleeper; service=Retained,2026-07-10T00:00:00,PE-Backed,Pittsburgh Metro,Anthony Gallo,Megan Sleeper,Retained
TubeMogul,TubeMogul - CMO,Marketing,CXO,2011,Placement,stage_at_placement=Series B; candidate=Amy Richards; owner=Kevin Buckby; service=Retained,2011-04-26T00:00:00,Series B,,Amy Richards,Kevin Buckby,Retained
TubeMogul,TubeMogul - SVP Sales,Sales,VP,2012,Placement,stage_at_placement=Series B; candidate=Paul Joachim; owner=Kevin Buckby; service=Retained,2012-02-13T00:00:00,Series B,,Paul Joachim,Kevin Buckby,Retained
TubeMogul,TubeMogul - VP Engineering,Engineering,VP,2013,Placement,stage_at_placement=Series C; candidate=Bjoern Heckel; owner=Iain Grant; service=Retained,2013-03-26T00:00:00,Series C,,Bjoern Heckel,Iain Grant,Retained
TubeMogul,TubeMogul - VP Product,Product Management,VP,2014,Placement,stage_at_placement=Series C; geo=Bay Area; candidate=Alex Hood; owner=Iain Grant; service=Retained,2014-03-05T00:00:00,Series C,Bay Area,Alex Hood,Iain Grant,Retained
TubeMogul,"TubeMogul - VP Engineering, Applications",Engineering,Other,2014,Placement,stage_at_placement=Series C; geo=Bay Area; candidate=Peter Wang; owner=Iain Grant; service=Bluebird,2014-11-11T00:00:00,Series C,Bay Area,Peter Wang,Iain Grant,Bluebird
TubeMogul,TubeMogul - Product Leader,Product Management,IC,2014,Placement,stage_at_placement=Series C; geo=Bay Area; candidate=Boaz Ram; owner=Iain Grant; service=Retained,2014-11-26T00:00:00,Series C,Bay Area,Boaz Ram,Iain Grant,Retained
TubeMogul,"TubeMogul - VP Engineering, TV & Optimization",Engineering,Other,2015,Placement,stage_at_placement=Series C; geo=Bay Area; candidate=David Bevacqua; owner=Iain Grant; service=Bluebird,2015-02-23T00:00:00,Series C,Bay Area,David Bevacqua,Iain Grant,Bluebird
TubeMogul,"TubeMogul - Director of Engineering, Programmatic TV",Engineering,Director,2015,Placement,stage_at_placement=Public; geo=Bay Area; candidate=Pierre Tehrany; owner=Nelson Smith; service=Retained,2015-09-17T00:00:00,Public,Bay Area,Pierre Tehrany,Nelson Smith,Retained
TubeMogul,"TubeMogul - Sr. Director Product, RTB",Product Management,Director,2015,Placement,stage_at_placement=Public; geo=Bay Area; candidate=Akash Varshney; owner=Erin Jensen; service=Retained,2015-11-19T00:00:00,Public,Bay Area,Akash Varshney,Erin Jensen,Retained
TubeMogul,TubeMogul - Director of Product,Product Management,Director,2015,Placement,stage_at_placement=Public; geo=Bay Area; candidate=Alexander Perec; owner=Erin Jensen; service=Bluebird,2015-11-30T00:00:00,Public,Bay Area,Alexander Perec,Erin Jensen,Bluebird
Twilio,Twilio - Director Engineering - Carrier Services,Engineering,Other,2014,Placement,geo=Bay Area; candidate=Robert Blau; owner=Nelson Smith; service=Team Svcs Retainer,2014-10-20T00:00:00,,Bay Area,Robert Blau,Nelson Smith,Team Svcs Retainer
Twilio,Twilio - VP Service Engineering,Engineering,VP,2015,Placement,stage_at_placement=Series E+; geo=Bay Area; candidate=Jason Hudak; owner=Nelson Smith; service=Retained,2015-06-30T00:00:00,Series E+,Bay Area,Jason Hudak,Nelson Smith,Retained
Twilio,"Twilio - Director, NOC Ops",Information Technology,Director,2015,Placement,stage_at_placement=Series E+; geo=Bay Area; candidate=Bruce Wong; owner=Nelson Smith; service=Retained,2015-08-03T00:00:00,Series E+,Bay Area,Bruce Wong,Nelson Smith,Retained
Twilio,Twilio - Head of Quality Engineering,Quality Assurance,Head,2015,Placement,stage_at_placement=Series E+; geo=Bay Area; candidate=Roman Scheiter; owner=Nelson Smith; service=Retained,2015-08-03T00:00:00,Series E+,Bay Area,Roman Scheiter,Nelson Smith,Retained
Twilio,"Twilio - Director, Data Platfom",Engineering,Director,2016,Placement,stage_at_placement=Public; geo=Bay Area; candidate=Dave Burgess; owner=Thor Bucy; service=Retained,2016-08-15T00:00:00,Public,Bay Area,Dave Burgess,Thor Bucy,Retained
Twilio,Twilio - Director of Product Management - Programmable Voice (as VPP),Product Management,Director,2018,Placement,stage_at_placement=Public; geo=Bay Area; candidate=Jesper Joergensen; owner=Sophie Thomas; service=Retained,2018-02-28T00:00:00,Public,Bay Area,Jesper Joergensen,Sophie Thomas,Retained
Twilio,Twilio - VP Product Management,Product Management,VP,2019,Placement,stage_at_placement=Public; geo=Bay Area; candidate=Mark Gilbert; owner=Sophie Thomas; service=Retained,2019-03-26T00:00:00,Public,Bay Area,Mark Gilbert,Sophie Thomas,Retained
Uber,Uber - CTO,Engineering,CXO,2013,Placement,stage_at_placement=Series B; geo=Bay Area; candidate=Thuan Pham; owner=Ali Behnam; service=Retained,2013-03-20T00:00:00,Series B,Bay Area,Thuan Pham,Ali Behnam,Retained
Uber,Uber - VP Product,Product Management,VP,2013,Placement,stage_at_placement=Series E+; geo=Bay Area; candidate=Jeff Holden; owner=Ali Behnam; service=Retained,2013-12-31T00:00:00,Series E+,Bay Area,Jeff Holden,Ali Behnam,Retained
Uber,Uber - Engineer,Engineering,Other,2014,Placement,geo=Bay Area; candidate=Han Qin; owner=Rivi HQ; service=Contingency,2014-04-17T00:00:00,,Bay Area,Han Qin,Rivi HQ,Contingency
Uber,Uber - Engineer II,Engineering,Other,2014,Placement,geo=Bay Area; candidate=Thomas Kielbus; owner=Rivi HQ; service=Contingency,2014-09-05T00:00:00,,Bay Area,Thomas Kielbus,Rivi HQ,Contingency
Uber,"Uber - Dir of Product, Expansion",Product Management,Director,2014,Placement,stage_at_placement=Series D; geo=Bay Area; candidate=Tom Fallows; owner=Austin Brizendine; service=Retained,2014-10-13T00:00:00,Series D,Bay Area,Tom Fallows,Austin Brizendine,Retained
Uber,Uber - Sr. Dir Infrastructure,Engineering,Other,2015,Placement,stage_at_placement=Series E+; geo=Bay Area; candidate=AG Gangadhar; owner=Ali Behnam; service=Bluebird,2015-07-17T00:00:00,Series E+,Bay Area,AG Gangadhar,Ali Behnam,Bluebird
Uber,"Uber - Dir of Product, Network Optimization",Product Management,Director,2015,Placement,stage_at_placement=Series E+; geo=Bay Area; candidate=Daniel Graf; owner=Austin Brizendine; service=Retained,2015-11-23T00:00:00,Series E+,Bay Area,Daniel Graf,Austin Brizendine,Retained
Uber,Uber - Head of Fraud Data Science,Data/ML/AI,Head,2016,Placement,stage_at_placement=Series E+; geo=Bay Area; candidate=Vicente Silveira; owner=Austin Brizendine; service=Bluebird,2016-01-05T00:00:00,Series E+,Bay Area,Vicente Silveira,Austin Brizendine,Bluebird
Uber,Uber - VP of Design,Design/UX,VP,2017,Placement,stage_at_placement=Series E+; geo=Bay Area; candidate=Michael Gough; owner=Dirk Cleveland; service=Retained,2017-09-22T00:00:00,Series E+,Bay Area,Michael Gough,Dirk Cleveland,Retained
Uber,"Uber - Sr. Director of Product, Marketplaces",Product Management,Director,2018,Placement,stage_at_placement=Series E+; geo=Bay Area; candidate=Alex Linde; owner=Austin Brizendine; service=Retained,2018-01-05T00:00:00,Series E+,Bay Area,Alex Linde,Austin Brizendine,Retained
Uber,"Uber - Sr. Director of Product, Platform",Product Management,Director,2018,Placement,stage_at_placement=Series E+; geo=Bay Area; candidate=Eckart Walther; owner=Austin Brizendine; service=Retained,2018-01-18T00:00:00,Series E+,Bay Area,Eckart Walther,Austin Brizendine,Retained
Uber,Uber - Head of Driver,Product Management,Head,2018,Placement,stage_at_placement=Series E+; geo=Bay Area; candidate=Daniel Danker; owner=Austin Brizendine; service=Retained,2018-06-12T00:00:00,Series E+,Bay Area,Daniel Danker,Austin Brizendine,Retained
Uber,Uber - Head of Design - Rides,Design/UX,Head,2019,Placement,stage_at_placement=Public; geo=Bay Area; candidate=Judi Mazzola; owner=Dirk Cleveland; service=Retained,2019-11-14T00:00:00,Public,Bay Area,Judi Mazzola,Dirk Cleveland,Retained
Uber,Uber - Head of Rider Product (Director),Product Management,Director,2021,Placement,stage_at_placement=Public; geo=Bay Area; candidate=Awaneesh Verma; owner=Todd Goldwater; service=Retained,2021-03-18T00:00:00,Public,Bay Area,Awaneesh Verma,Todd Goldwater,Retained
Uber,Uber - Sr. Director Product - Head of Mobility Verticals,Product Management,Director,2021,Placement,stage_at_placement=Public; geo=Bay Area; candidate=Jen You; owner=Todd Goldwater; service=Bluebird,2021-03-18T00:00:00,Public,Bay Area,Jen You,Todd Goldwater,Bluebird
Uber,"Uber - Director of Product, Driver Experience (Confidential)",Product Management,Director,2021,Placement,stage_at_placement=Public; geo=Bay Area; candidate=Niti Bashambu; owner=Todd Goldwater; service=Retained,2021-07-26T00:00:00,Public,Bay Area,Niti Bashambu,Todd Goldwater,Retained
Uber,"Uber - Group Product Manager, Membership",Product Management,IC,2021,Placement,stage_at_placement=Public; geo=Bay Area; candidate=Abbey Stauffer; owner=Todd Goldwater; service=Bluebird,2021-10-13T00:00:00,Public,Bay Area,Abbey Stauffer,Todd Goldwater,Bluebird
Uber,Uber - VP of Payments,Product Management,VP,2021,Placement,stage_at_placement=Public; geo=Bay Area; candidate=Karl Hebert; owner=Todd Goldwater; service=Retained,2021-11-05T00:00:00,Public,Bay Area,Karl Hebert,Todd Goldwater,Retained
Uber,Uber - VP Design,Design/UX,VP,2021,Placement,stage_at_placement=Public; geo=Bay Area; candidate=Joann Wu; owner=Dirk Cleveland; service=Retained,2021-11-10T00:00:00,Public,Bay Area,Joann Wu,Dirk Cleveland,Retained
Uber,"Uber - Director of Product, Rider (Confidential)",Product Management,Director,2021,Placement,stage_at_placement=Public; geo=Bay Area; candidate=Andrew Gilligan; owner=Todd Goldwater; service=Retained,2021-12-06T00:00:00,Public,Bay Area,Andrew Gilligan,Todd Goldwater,Retained
Uber,"Uber - VP, AI Fellow",Data/ML/AI,CXO,2026,Placement,stage_at_placement=Public; geo=Bay Area; candidate=Johannes Gehrke; owner=Kyle Langworthy; service=Retained,2026-04-29T00:00:00,Public,Bay Area,Johannes Gehrke,Kyle Langworthy,Retained
Upwork,Elance - VP Engineering,Engineering,VP,2011,Placement,stage_at_placement=Series C; candidate=Nidhi Gupta; owner=Michael Morell; service=Retained,2011-06-28T00:00:00,Series C,,Nidhi Gupta,Michael Morell,Retained
Upwork,"Elance - Sr Director, Mobile Engineering",Engineering,Director,2014,Placement,stage_at_placement=Series D; geo=Bay Area; candidate=Sriram Yadavalli; owner=Nelson Smith; service=Retained,2014-11-07T00:00:00,Series D,Bay Area,Sriram Yadavalli,Nelson Smith,Retained
Upwork,Upwork - SVP Engineering,Engineering,VP,2015,Placement,stage_at_placement=Series D; geo=Bay Area; candidate=Han-Shen Yuan; owner=Sam Wholley; service=Retained,2015-06-16T00:00:00,Series D,Bay Area,Han-Shen Yuan,Sam Wholley,Retained
Upwork,Upwork - SVP Product,Product Management,VP,2020,Placement,stage_at_placement=Public; geo=Bay Area; candidate=Sam Bright; owner=Andrew Abramson; service=Retained,2020-10-05T00:00:00,Public,Bay Area,Sam Bright,Andrew Abramson,Retained
Upwork,Upwork - CISO,Information Security,CXO,2021,Placement,stage_at_placement=Public; geo=Bay Area; candidate=Paul Black; owner=Dante Carpinito; service=Retained,2021-02-10T00:00:00,Public,Bay Area,Paul Black,Dante Carpinito,Retained
Upwork,Upwork - VP Product (Work MP),Product Management,VP,2021,Placement,stage_at_placement=Public; geo=Bay Area; candidate=David Comer; owner=Andrew Abramson; service=Retained,2021-03-11T00:00:00,Public,Bay Area,David Comer,Andrew Abramson,Retained
Upwork,Upwork - VP Product (Project Catalog),Product Management,VP,2021,Placement,stage_at_placement=Public; geo=Bay Area; candidate=Irem Metin; owner=Andrew Abramson; service=Retained,2021-04-24T00:00:00,Public,Bay Area,Irem Metin,Andrew Abramson,Retained
Upwork,Upwork - VP Product (Domains),Product Management,VP,2021,Placement,stage_at_placement=Public; geo=Bay Area; candidate=Tapan Kamdar; owner=Andrew Abramson; service=Retained,2021-05-18T00:00:00,Public,Bay Area,Tapan Kamdar,Andrew Abramson,Retained
Upwork,Upwork - VP Product (Domains),Product Management,VP,2021,Placement,stage_at_placement=Public; geo=Bay Area; candidate=Emily McCord; owner=Andrew Abramson; service=Retained,2021-05-18T00:00:00,Public,Bay Area,Emily McCord,Andrew Abramson,Retained
Upwork,Upwork - VP Product (Growth),Product Management,VP,2021,Placement,stage_at_placement=Public; geo=Bay Area; candidate=Serge Doubinski; owner=Andrew Abramson; service=Retained,2021-06-18T00:00:00,Public,Bay Area,Serge Doubinski,Andrew Abramson,Retained
Upwork,Upwork - CTO,Engineering,CXO,2021,Placement,stage_at_placement=Public; geo=Bay Area; candidate=Saty Bahadur; owner=Dante Carpinito; service=Retained,2021-07-08T00:00:00,Public,Bay Area,Saty Bahadur,Dante Carpinito,Retained
Upwork,Upwork - VP Product (Talent Marketplace),Product Management,VP,2021,Placement,stage_at_placement=Public; geo=Bay Area; candidate=Apurva Garware; owner=Theresa Skelly; service=Retained,2021-09-09T00:00:00,Public,Bay Area,Apurva Garware,Theresa Skelly,Retained
Upwork,"Upwork - Sr. Director, Teams (Product)",Product Management,Director,2021,Placement,stage_at_placement=Public; geo=Bay Area; candidate=Jackson Hsieh; owner=Theresa Skelly; service=Retained,2021-09-10T00:00:00,Public,Bay Area,Jackson Hsieh,Theresa Skelly,Retained
Upwork,"Upwork - VP Payments (as VP of Product, Global Payments)",Product Management,VP,2022,Placement,stage_at_placement=Public; geo=Bay Area; candidate=Mohit Kumar; owner=Mike Callagy; service=Retained,2022-01-17T00:00:00,Public,Bay Area,Mohit Kumar,Mike Callagy,Retained
Upwork,Upwork - VP of Product,Product Management,VP,2022,Placement,stage_at_placement=Public; geo=Bay Area; candidate=Huma Zaidi; owner=Mike Callagy; service=Retained,2022-07-27T00:00:00,Public,Bay Area,Huma Zaidi,Mike Callagy,Retained
Upwork,Upwork - VP of Product - Product Expansion,Product Management,VP,2022,Placement,stage_at_placement=Public; geo=Bay Area; candidate=Dave Bottoms; owner=Mike Callagy; service=Retained,2022-08-05T00:00:00,Public,Bay Area,Dave Bottoms,Mike Callagy,Retained
Vista Equity Partners,"Vista Equity Partners - Executive Director, Technology Consulting",Engineering,Director,2020,Placement,stage_at_placement=PE-Backed; candidate=Jordi Buller; owner=Eric Larson; service=Retained,2020-11-05T00:00:00,PE-Backed,,Jordi Buller,Eric Larson,Retained
Vista Equity Partners,"Vista Equity Partners - CTO & Managing Director, Product & Technology",Engineering,CXO,2022,Placement,stage_at_placement=PE-Backed; candidate=Kal De; owner=Eric Larson; service=Retained,2022-06-29T00:00:00,PE-Backed,,Kal De,Eric Larson,Retained
Vista Equity Partners,"Vista Equity Partners - Director, Technology Diligence",Engineering,Director,2022,Placement,stage_at_placement=PE-Backed; candidate=Tushar Rawal; owner=Justin Cottrell; service=Retained,2022-10-18T00:00:00,PE-Backed,,Tushar Rawal,Justin Cottrell,Retained
Vista Equity Partners,"Vista Equity Partners - Executive Director, Product",Product Management,Director,2023,Placement,stage_at_placement=Financial Services; candidate=Rohin Jaiman; owner=Todd Goldwater; service=Retained,2023-01-17T00:00:00,Financial Services,,Rohin Jaiman,Todd Goldwater,Retained
Waymo,Waymo - Sr Software Engineer,Engineering,IC,2020,Placement,stage_at_placement=Public; geo=Bay Area; candidate=Kevin Peterson; owner=Michael Morell; service=Bluebird,2020-10-22T00:00:00,Public,Bay Area,Kevin Peterson,Michael Morell,Bluebird
Waymo,"Waymo - Director, Motion Planning",Engineering,Director,2021,Placement,stage_at_placement=Public; geo=Bay Area; candidate=Alexander Varshavsky; owner=Michael Morell; service=Retained,2021-03-12T00:00:00,Public,Bay Area,Alexander Varshavsky,Michael Morell,Retained
Waymo,Waymo -  Staff Software Engineer,Engineering,IC,2021,Placement,stage_at_placement=Public; geo=Bay Area; candidate=Shahab Kaynama; owner=Michael Morell; service=Bluebird,2021-04-06T00:00:00,Public,Bay Area,Shahab Kaynama,Michael Morell,Bluebird
Waymo,Waymo - Director of Engineering,Engineering,Director,2021,Placement,stage_at_placement=Public; geo=Bay Area; candidate=Milind Mahajan; owner=Michael Morell; service=Bluebird,2021-04-14T00:00:00,Public,Bay Area,Milind Mahajan,Michael Morell,Bluebird
Waymo,Waymo - Senior Software Engineer,Engineering,IC,2021,Placement,stage_at_placement=Public; geo=Bay Area; candidate=Yao Wang; owner=Jim Campbell; service=Bluebird,2021-04-29T00:00:00,Public,Bay Area,Yao Wang,Jim Campbell,Bluebird
Waymo,"Waymo - Director, ML Infra",Engineering,Director,2021,Placement,stage_at_placement=Public; geo=Bay Area; candidate=Kevin Haas; owner=Kyle Langworthy; service=Retained,2021-08-13T00:00:00,Public,Bay Area,Kevin Haas,Kyle Langworthy,Retained
Waymo,Waymo - Dir of Maneuvers,Data/ML/AI,Director,2022,Placement,stage_at_placement=Public; geo=Bay Area; candidate=Leon Wong; owner=Chloe Kataev; service=Retained,2022-01-14T00:00:00,Public,Bay Area,Leon Wong,Chloe Kataev,Retained
Waymo,"Waymo - Director, Planner Infrastructure (as Director, Infrastructure)",Engineering,Director,2022,Placement,stage_at_placement=Public; geo=Bay Area; candidate=Brian Karlak; owner=Kyle Langworthy; service=Retained,2022-01-26T00:00:00,Public,Bay Area,Brian Karlak,Kyle Langworthy,Retained
Weight Watchers,Weight Watchers - VP Engineering,Engineering,VP,2017,Placement,stage_at_placement=Public; geo=New York; candidate=Rodney Woodruff; owner=Jodi Jefferson; service=Retained,2017-07-18T00:00:00,Public,New York,Rodney Woodruff,Jodi Jefferson,Retained
Weight Watchers,Weight Watchers - VP of Security & IT,Information Security,VP,2026,Placement,stage_at_placement=Public; geo=New York; candidate=Nimit Suri; owner=Andrea Vahosky; service=Retained,2026-02-02T00:00:00,Public,New York,Nimit Suri,Andrea Vahosky,Retained
Weight Watchers,Weight Watchers - VP of Design,Design/UX,Head,2026,Placement,stage_at_placement=Public; geo=New York; candidate=Jessi Pervola; owner=Greg Sherman; service=Retained,2026-02-13T00:00:00,Public,New York,Jessi Pervola,Greg Sherman,Retained
Weight Watchers,"Weight Watchers - VP, Product, Data & Personalization",Product Management,VP,2026,Placement,stage_at_placement=Public; geo=Bay Area; candidate=Matthew Venzon; owner=Greg Sherman; service=Retained,2026-02-16T00:00:00,Public,Bay Area,Matthew Venzon,Greg Sherman,Retained
Weight Watchers,"Weight Watchers - VP, Product, Core App",Product Management,VP,2026,Placement,stage_at_placement=Public; geo=Bay Area; candidate=Sarah Pilewski; owner=Greg Sherman; service=Retained,2026-06-24T00:00:00,Public,Bay Area,Sarah Pilewski,Greg Sherman,Retained
Wendy's,"Wendy's - VP, Digital Technology",Engineering,VP,2018,Placement,stage_at_placement=Public; geo=Pittsburgh Metro; candidate=Laura Titas; owner=Gino Morell; service=Retained,2018-11-19T00:00:00,Public,Pittsburgh Metro,Laura Titas,Gino Morell,Retained
Wendy's,Wendy's - VP of Restaurant Technology,Engineering,VP,2020,Placement,stage_at_placement=Public; geo=Ohio; candidate=Matt Spessard; owner=Gino Morell; service=Retained,2020-04-30T00:00:00,Public,Ohio,Matt Spessard,Gino Morell,Retained
Wendy's,Wendy's - VP of International Technology,Engineering,VP,2025,Placement,stage_at_placement=Public; geo=Ohio; candidate=Sang Lee; owner=Gino Morell; service=Retained,2025-08-06T00:00:00,Public,Ohio,Sang Lee,Gino Morell,Retained
Wendy's,Wendy's - VP of International Technology,Engineering,VP,2026,Placement,stage_at_placement=Public; geo=Other East Coast; candidate=Edward Gustenhoven; owner=Gino Morell; service=Retained,2026-04-30T00:00:00,Public,Other East Coast,Edward Gustenhoven,Gino Morell,Retained
Xero Inc,Xero - VP Product & Data Science,Product Management,VP,2024,Placement,stage_at_placement=Public; geo=Bay Area; candidate=James Hsu; owner=Jason Hann; service=Retained,2024-03-29T00:00:00,Public,Bay Area,James Hsu,Jason Hann,Retained
Xero Inc,"Xero - VP Product (GM, UK Products)",Product Management,GM,2024,Placement,stage_at_placement=Public; geo=Bay Area; candidate=Rich Suplee; owner=Myriam Vacher; service=Retained,2024-05-01T00:00:00,Public,Bay Area,Rich Suplee,Myriam Vacher,Retained
Xero Inc,"Xero - SVP of Product Management - Direct, Insights & AI",Product Management,VP,2024,Placement,stage_at_placement=Public; geo=Bay Area; candidate=Lisa Huang; owner=James Miller; service=Retained,2024-10-02T00:00:00,Public,Bay Area,Lisa Huang,James Miller,Retained
Xero Inc,Xero - VP Site Reliability Engineering,Engineering,VP,2024,Placement,stage_at_placement=Public; geo=Bay Area; candidate=Dominic Walton; owner=Ryan Polich; service=Retained,2024-11-02T00:00:00,Public,Bay Area,Dominic Walton,Ryan Polich,Retained
Xero Inc,"Xero - GM, Engineering, UK",Engineering,VP,2024,Placement,stage_at_placement=Public; geo=Bay Area; candidate=Malcolm Box; owner=Myriam Vacher; service=Retained,2024-11-29T00:00:00,Public,Bay Area,Malcolm Box,Myriam Vacher,Retained
Xero Inc,Xero - VP Technical Program Management,Project Management,VP,2026,Placement,stage_at_placement=Public; geo=Bay Area; candidate=Sonia Dogra; owner=Dante Carpinito; service=Retained,2026-05-13T00:00:00,Public,Bay Area,Sonia Dogra,Dante Carpinito,Retained
Xero Inc,Xero - VP Technical Program Management,Project Management,VP,2026,Placement,stage_at_placement=Public; geo=Bay Area; candidate=Eric Stone; owner=Dante Carpinito; service=Retained,2026-05-13T00:00:00,Public,Bay Area,Eric Stone,Dante Carpinito,Retained
Xero Inc,Xero - VP Technical Program Management,Project Management,VP,2026,Placement,stage_at_placement=Public; geo=Bay Area; candidate=Nathan Burkhart; owner=Dante Carpinito; service=Retained,2026-05-13T00:00:00,Public,Bay Area,Nathan Burkhart,Dante Carpinito,Retained
Xero Inc,Xero Inc - SVP Engineering (Payments),Engineering,VP,2026,Placement,stage_at_placement=Public; geo=Bay Area; candidate=Madhuri Dhulipala; owner=Gino Morell; service=Retained,2026-07-15T00:00:00,Public,Bay Area,Madhuri Dhulipala,Gino Morell,Retained
Yahoo! Inc,"Yahoo! - SVP of Engineering, Yahoo Advertising",Engineering,VP,2024,Placement,stage_at_placement=PE-Backed; geo=Bay Area; candidate=Denys Kim; owner=Justin Cottrell; service=Retained,2024-05-28T00:00:00,PE-Backed,Bay Area,Denys Kim,Justin Cottrell,Retained
Yahoo! Inc,"Yahoo! - SVP of Engineering, Yahoo Mail",Engineering,VP,2024,Placement,stage_at_placement=PE-Backed; geo=Bay Area; candidate=Chris Pruett; owner=Todd Goldwater; service=Retained,2024-06-17T00:00:00,PE-Backed,Bay Area,Chris Pruett,Todd Goldwater,Retained
Yahoo! Inc,Yahoo! - VP of Data Engineering,Engineering,VP,2024,Placement,stage_at_placement=PE-Backed; geo=Bay Area; candidate=Pavel Kalinin; owner=Robert Seiden; service=Retained,2024-06-21T00:00:00,PE-Backed,Bay Area,Pavel Kalinin,Robert Seiden,Retained
Yahoo! Inc,Yahoo! - SVP of Engineering (formerly Chief AI & Digital Services Officer),Engineering,VP,2024,Placement,stage_at_placement=PE-Backed; geo=Bay Area; candidate=Lee-Ming Zen; owner=Justin Cottrell; service=Retained,2024-09-10T00:00:00,PE-Backed,Bay Area,Lee-Ming Zen,Justin Cottrell,Retained
Yahoo! Inc,"Yahoo! - VP of Engineering, Yahoo Home & News",Engineering,VP,2025,Placement,stage_at_placement=PE-Backed; geo=Bay Area; candidate=Chrystal Henke Ball; owner=Justin Cottrell; service=Retained,2025-05-20T00:00:00,PE-Backed,Bay Area,Chrystal Henke Ball,Justin Cottrell,Retained
Zappos,Zappos.com Inc. - Information Security Officer / Sr. Director of Security,Information Security,Director,2012,Placement,stage_at_placement=Public; geo=Vegas; candidate=David Hannigan; owner=Nelson Smith; service=Retained,2012-06-29T00:00:00,Public,Vegas,David Hannigan,Nelson Smith,Retained
Zappos,Zappos - Dir eCommerce & Cust Exp,Customer Service,Director,2013,Placement,stage_at_placement=Public; geo=Vegas; candidate=Joel Brazle; owner=Nelson Smith; service=Retained,2013-02-07T00:00:00,Public,Vegas,Joel Brazle,Nelson Smith,Retained
Zappos,"Zappos - Sr Director, Retail Product Management",Product Management,Other,2013,Placement,geo=Vegas; candidate=Timothy Mooney; owner=Nelson Smith; service=Bluebird,2013-12-13T00:00:00,,Vegas,Timothy Mooney,Nelson Smith,Bluebird
Zappos,"Zappos - Director, Product - Merchandising & Procurement",Product Management,Other,2014,Placement,stage_at_placement=Public; geo=Vegas; candidate=Anil Nair; owner=Nelson Smith; service=Retained,2014-04-03T00:00:00,Public,Vegas,Anil Nair,Nelson Smith,Retained
Zendesk,Zendesk-VP Engineering,Engineering,VP,2010,Placement,stage_at_placement=Series B; candidate=Adrian McDermott; owner=Ali Behnam; service=Retained,2010-06-25T00:00:00,Series B,,Adrian McDermott,Ali Behnam,Retained
Zendesk,Zendesk - RoR Engineer,Engineering,Other,2011,Placement,stage_at_placement=Series C; candidate=Nathan Rapheld; owner=Rivi HQ; service=Contingency,2011-03-09T00:00:00,Series C,,Nathan Rapheld,Rivi HQ,Contingency
Zendesk,Zendesk - RoR Engineer,Engineering,Other,2011,Placement,stage_at_placement=Series C; candidate=Dylan Clenendin; owner=Rivi HQ; service=Contingency,2011-04-22T00:00:00,Series C,,Dylan Clenendin,Rivi HQ,Contingency
Zendesk,Zendesk - Front End Engineer II,Engineering,Other,2011,Placement,stage_at_placement=Series C; candidate=Azer Koculu; owner=Rivi HQ; service=Contingency,2011-06-23T00:00:00,Series C,,Azer Koculu,Rivi HQ,Contingency
Zendesk,Zendesk - Dir of Tech Ops,Engineering,Other,2011,Placement,stage_at_placement=Series C; candidate=Michael Fischer; owner=Rivi HQ; service=Contingency,2011-08-09T00:00:00,Series C,,Michael Fischer,Rivi HQ,Contingency
Zendesk,Zendesk - Front End Engineer,Engineering,Other,2011,Placement,stage_at_placement=Series C; candidate=Valentin Cekov; owner=Rivi HQ; service=Contingency,2011-11-11T00:00:00,Series C,,Valentin Cekov,Rivi HQ,Contingency
Zendesk,Zendesk - Dev Ops,Information Technology,Other,2012,Placement,stage_at_placement=Series C; candidate=Aaron Peschel; owner=Rivi HQ; service=Contingency,2012-03-05T00:00:00,Series C,,Aaron Peschel,Rivi HQ,Contingency
Zendesk,Zendesk - Back End Eng,Engineering,Other,2012,Placement,stage_at_placement=Series D; candidate=Matthew Werner; owner=Rivi HQ; service=Contingency,2012-10-03T00:00:00,Series D,,Matthew Werner,Rivi HQ,Contingency
Zendesk,Zendesk - Dev Ops II,Information Technology,Other,2012,Placement,stage_at_placement=Series D; candidate=Ben House; owner=Rivi HQ; service=Contingency,2012-12-03T00:00:00,Series D,,Ben House,Rivi HQ,Contingency
Zendesk,Zendesk - Front End Engineer III,Engineering,Other,2013,Placement,stage_at_placement=Series D; geo=Bay Area; candidate=Kurt Ruppel; owner=Rivi HQ; service=Contingency,2013-05-03T00:00:00,Series D,Bay Area,Kurt Ruppel,Rivi HQ,Contingency
Zendesk,Zendesk - VP Platform Engineering,Engineering,VP,2013,Placement,stage_at_placement=Series D; geo=Bay Area; candidate=Tony Lee; owner=Dirk Cleveland; service=Retained,2013-12-03T00:00:00,Series D,Bay Area,Tony Lee,Dirk Cleveland,Retained
Zendesk,Zendesk - VP Engineering,Engineering,Other,2013,Placement,stage_at_placement=Series D; geo=Bay Area; candidate=Gilles Drieu; owner=Dirk Cleveland; service=Bluebird,2013-12-13T00:00:00,Series D,Bay Area,Gilles Drieu,Dirk Cleveland,Bluebird
Zendesk,Zendesk - CIO,Information Technology,CXO,2016,Placement,stage_at_placement=Public; geo=Bay Area; candidate=Tom Keiser; owner=Sam Wholley; service=Retained,2016-03-28T00:00:00,Public,Bay Area,Tom Keiser,Sam Wholley,Retained
Zendesk,Zendesk - CTO,Engineering,CXO,2017,Placement,stage_at_placement=Public; geo=Bay Area; candidate=Soren Abildgaard; owner=Ali Behnam; service=Retained,2017-10-17T00:00:00,Public,Bay Area,Soren Abildgaard,Ali Behnam,Retained
Zendesk,Zendesk - Chief Architect,Engineering,Architect,2018,Placement,stage_at_placement=Public; geo=Bay Area; candidate=Brett Adam; owner=Gino Morell; service=Retained,2018-11-20T00:00:00,Public,Bay Area,Brett Adam,Gino Morell,Retained
Zendesk,Zendesk - Sr Software Engineer (Network),Engineering,IC,2019,Placement,stage_at_placement=Public; geo=Bay Area; candidate=Janak Patel; owner=Rivi HQ; service=Contingency,2019-02-19T00:00:00,Public,Bay Area,Janak Patel,Rivi HQ,Contingency
Zendesk,Zendesk - VP Product (Sunshine) - Confidential,Product Management,VP,2020,Placement,stage_at_placement=Public; geo=Bay Area; candidate=Ryan Spraetz; owner=Justin Colsky; service=Retained,2020-05-08T00:00:00,Public,Bay Area,Ryan Spraetz,Justin Colsky,Retained
Zendesk,Zendesk - SVP of Product (Platform),Product Management,VP,2022,Placement,stage_at_placement=Public; geo=Bay Area; candidate=Internal Candidate; owner=John Termotto; service=Retained,2022-04-04T00:00:00,Public,Bay Area,Internal Candidate,John Termotto,Retained
Zendesk,Zendesk - EVP Engineering,Engineering,VP,2022,Placement,stage_at_placement=Public; geo=Bay Area; candidate=Pat Copeland; owner=James Miller; service=Retained,2022-05-13T00:00:00,Public,Bay Area,Pat Copeland,James Miller,Retained
Zendesk,"Zendesk - Growth Product Manager, Buying Experience",Product Management,IC,2022,Placement,stage_at_placement=Public; geo=Bay Area; candidate=Rohit Pillai; owner=Michael Morell; service=Bluebird,2022-05-17T00:00:00,Public,Bay Area,Rohit Pillai,Michael Morell,Bluebird
Zendesk,Zendesk - EVP Product,Product Management,VP,2022,Placement,stage_at_placement=Public; geo=Bay Area; candidate=Dave Ragones; owner=James Miller; service=Retained,2022-07-09T00:00:00,Public,Bay Area,Dave Ragones,James Miller,Retained
Zendesk,"Zendesk - VP Product, EMS",Product Management,VP,2025,Placement,stage_at_placement=PE-Backed; geo=Bay Area; candidate=Vishnu Parimi; owner=Hugh Curran; service=Retained,2025-04-21T00:00:00,PE-Backed,Bay Area,Vishnu Parimi,Hugh Curran,Retained
Zendesk,"Zendesk - Sr. Director of Product, AI Reporting & Analytics",Product Management,Director,2025,Placement,stage_at_placement=PE-Backed; geo=Bay Area; candidate=Ashwini Raman; owner=Denis Foynes; service=Retained,2025-05-26T00:00:00,PE-Backed,Bay Area,Ashwini Raman,Denis Foynes,Retained
